<?xml version="1.0" encoding="UTF-8"?>
<!DOCTYPE xdrs-output SYSTEM "src/data/boxer/xdrs.dtd">
<xdrs-output>
 <der id="1">
<binaryrule type="ba" description="Backward Application"><cat><atomic feature="dcl">S</atomic></cat><sem><var>nil</var></sem><binaryrule type="ba" description="Backward Application"><cat><atomic feature="dcl">S</atomic></cat><sem><var>nil</var></sem><binaryrule type="fa" description="Forward Application"><cat><atomic>NP</atomic></cat><sem><var>nil</var></sem><lex><token>Meine</token><tag type="from">0</tag><tag type="to">5</tag><cat><forward><atomic>NP</atomic><forward><atomic>N</atomic><atomic>PP</atomic></forward></forward></cat><sem><var>nil</var></sem></lex><lex><token>Tante</token><tag type="from">6</tag><tag type="to">11</tag><cat><forward><atomic>N</atomic><atomic>PP</atomic></forward></cat><sem><var>nil</var></sem></lex></binaryrule><binaryrule type="fa" description="Forward Application"><cat><backward><atomic feature="dcl">S</atomic><atomic>NP</atomic></backward></cat><sem><var>nil</var></sem><lex><token>hat</token><tag type="from">12</tag><tag type="to">15</tag><cat><forward><backward><atomic feature="dcl">S</atomic><atomic>NP</atomic></backward><backward><atomic feature="pt">S</atomic><atomic>NP</atomic></backward></forward></cat><sem><var>nil</var></sem></lex><binaryrule type="ba" description="Backward Application"><cat><backward><atomic feature="pt">S</atomic><atomic>NP</atomic></backward></cat><sem><var>nil</var></sem><binaryrule type="fa" description="Forward Application"><cat><atomic>NP</atomic></cat><sem><var>nil</var></sem><lex><token>das</token><tag type="from">16</tag><tag type="to">19</tag><cat><forward><atomic>NP</atomic><atomic>N</atomic></forward></cat><sem><var>nil</var></sem></lex><binaryrule type="fa" description="Forward Application"><cat><atomic>N</atomic></cat><sem><var>nil</var></sem><lex><token>riesige</token><tag type="from">20</tag><tag type="to">27</tag><cat><forward><atomic>N</atomic><atomic>N</atomic></forward></cat><sem><var>nil</var></sem></lex><lex><token>Grundstück</token><tag type="from">28</tag><tag type="to">38</tag><cat><atomic>N</atomic></cat><sem><var>nil</var></sem></lex></binaryrule></binaryrule><lex><token>geerbt</token><tag type="from">39</tag><tag type="to">45</tag><cat><backward><backward><atomic feature="pt">S</atomic><atomic>NP</atomic></backward><atomic>NP</atomic></backward></cat><sem><var>nil</var></sem></lex></binaryrule></binaryrule></binaryrule><lex><token>.</token><tag type="from">45</tag><tag type="to">46</tag><cat><backward><atomic feature="dcl">S</atomic><atomic feature="dcl">S</atomic></backward></cat><sem><var>nil</var></sem></lex></binaryrule> </der>
</xdrs-output>
