<?xml version="1.0" encoding="UTF-8"?>
<!DOCTYPE xdrs-output SYSTEM "src/data/boxer/xdrs.dtd">
<xdrs-output>
 <der id="1">
<binaryrule type="fa" description="Forward Application"><cat><atomic feature="wq">S</atomic></cat><sem><var>nil</var></sem><lex><token>Where</token><tag type="from">0</tag><tag type="to">5</tag><cat><forward><atomic feature="wq">S</atomic><atomic feature="q">S</atomic></forward></cat><sem><var>nil</var></sem></lex><binaryrule type="fa" description="Forward Application"><cat><atomic feature="q">S</atomic></cat><sem><var>nil</var></sem><binaryrule type="fa" description="Forward Application"><cat><forward><atomic feature="q">S</atomic><backward><atomic feature="b">S</atomic><atomic>NP</atomic></backward></forward></cat><sem><var>nil</var></sem><lex><token>did</token><tag type="from">6</tag><tag type="to">9</tag><cat><forward><forward><atomic feature="q">S</atomic><backward><atomic feature="b">S</atomic><atomic>NP</atomic></backward></forward><atomic>NP</atomic></forward></cat><sem><var>nil</var></sem></lex><binaryrule type="fa" description="Forward Application"><cat><atomic>NP</atomic></cat><sem><var>nil</var></sem><lex><token>the</token><tag type="from">10</tag><tag type="to">13</tag><cat><forward><atomic>NP</atomic><atomic>N</atomic></forward></cat><sem><var>nil</var></sem></lex><binaryrule type="fa" description="Forward Application"><cat><atomic>N</atomic></cat><sem><var>nil</var></sem><lex><token>1996</token><tag type="from">14</tag><tag type="to">18</tag><cat><forward><atomic>N</atomic><atomic>N</atomic></forward></cat><sem><var>nil</var></sem></lex><lex><token>Olympic~Games</token><tag type="from">19</tag><tag type="to">32</tag><cat><atomic>N</atomic></cat><sem><var>nil</var></sem></lex></binaryrule></binaryrule></binaryrule><binaryrule type="ba" description="Backward Application"><cat><backward><atomic feature="b">S</atomic><atomic>NP</atomic></backward></cat><sem><var>nil</var></sem><lex><token>take</token><tag type="from">33</tag><tag type="to">37</tag><cat><forward><backward><atomic feature="b">S</atomic><atomic>NP</atomic></backward><atomic>NP</atomic></forward></cat><sem><var>nil</var></sem></lex><binaryrule type="rp" description="Remove Punctuation"><cat><backward><backward><atomic feature="X">S</atomic><atomic>NP</atomic></backward><forward><backward><atomic feature="X">S</atomic><atomic>NP</atomic></backward><atomic>NP</atomic></forward></backward></cat><sem><var>nil</var></sem><unaryrule type="btr" description="Backward Type Raising"><cat><backward><backward><atomic feature="X">S</atomic><atomic>NP</atomic></backward><forward><backward><atomic feature="X">S</atomic><atomic>NP</atomic></backward><atomic>NP</atomic></forward></backward></cat><unaryrule type="tc" description="Type Changing"><cat><atomic>NP</atomic></cat><lex><token>place</token><tag type="from">38</tag><tag type="to">43</tag><cat><atomic>N</atomic></cat><sem><var>nil</var></sem></lex></unaryrule></unaryrule><lex><token>?</token><tag type="from">43</tag><tag type="to">44</tag><cat><atomic>.</atomic></cat><sem><var>nil</var></sem></lex></binaryrule></binaryrule></binaryrule></binaryrule> </der>
</xdrs-output>
