<?xml version="1.0" encoding="UTF-8"?>
<!DOCTYPE xdrs-output SYSTEM "src/data/boxer/xdrs.dtd">
<xdrs-output>
 <der id="1">
<binaryrule type="ba" description="Backward Application"><cat><atomic feature="dcl">S</atomic></cat><sem><var>nil</var></sem><lex><token>We</token><tag type="from">0</tag><tag type="to">2</tag><cat><atomic>NP</atomic></cat><sem><var>nil</var></sem></lex><binaryrule type="ba" description="Backward Application"><cat><backward><atomic feature="dcl">S</atomic><atomic>NP</atomic></backward></cat><sem><var>nil</var></sem><binaryrule type="fa" description="Forward Application"><cat><backward><atomic feature="dcl">S</atomic><atomic>NP</atomic></backward></cat><sem><var>nil</var></sem><lex><token>barred</token><tag type="from">3</tag><tag type="to">9</tag><cat><forward><backward><atomic feature="dcl">S</atomic><atomic>NP</atomic></backward><atomic>NP</atomic></forward></cat><sem><var>nil</var></sem></lex><binaryrule type="fa" description="Forward Application"><cat><atomic>NP</atomic></cat><sem><var>nil</var></sem><lex><token>the</token><tag type="from">10</tag><tag type="to">13</tag><cat><forward><atomic>NP</atomic><atomic>N</atomic></forward></cat><sem><var>nil</var></sem></lex><lex><token>door</token><tag type="from">14</tag><tag type="to">18</tag><cat><atomic>N</atomic></cat><sem><var>nil</var></sem></lex></binaryrule></binaryrule><binaryrule type="conj" description="Conjunction"><cat><backward><backward><atomic feature="dcl">S</atomic><atomic>NP</atomic></backward><backward><atomic feature="dcl">S</atomic><atomic>NP</atomic></backward></backward></cat><sem><var>nil</var></sem><lex><token>and</token><tag type="from">19</tag><tag type="to">22</tag><cat><atomic>conj</atomic></cat><sem><var>nil</var></sem></lex><binaryrule type="fa" description="Forward Application"><cat><backward><atomic feature="dcl">S</atomic><atomic>NP</atomic></backward></cat><sem><var>nil</var></sem><lex><token>locked</token><tag type="from">23</tag><tag type="to">29</tag><cat><forward><backward><atomic feature="dcl">S</atomic><atomic>NP</atomic></backward><atomic>NP</atomic></forward></cat><sem><var>nil</var></sem></lex><binaryrule type="rp" description="Remove Punctuation"><cat><atomic>NP</atomic></cat><sem><var>nil</var></sem><lex><token>it</token><tag type="from">30</tag><tag type="to">32</tag><cat><atomic>NP</atomic></cat><sem><var>nil</var></sem></lex><lex><token>.</token><tag type="from">32</tag><tag type="to">33</tag><cat><atomic>.</atomic></cat><sem><var>nil</var></sem></lex></binaryrule></binaryrule></binaryrule></binaryrule></binaryrule> </der>
</xdrs-output>
