<?xml version="1.0" encoding="UTF-8"?>
<!DOCTYPE xdrs-output SYSTEM "src/data/boxer/xdrs.dtd">
<xdrs-output>
 <der id="1">
<binaryrule type="ba" description="Backward Application"><cat><atomic feature="dcl">S</atomic></cat><sem><var>nil</var></sem><unaryrule type="tc" description="Type Changing"><cat><atomic>NP</atomic></cat><lex><token>Tom</token><tag type="from">0</tag><tag type="to">3</tag><cat><atomic>N</atomic></cat><sem><var>nil</var></sem></lex></unaryrule><binaryrule type="fa" description="Forward Application"><cat><backward><atomic feature="dcl">S</atomic><atomic>NP</atomic></backward></cat><sem><var>nil</var></sem><lex><token>never</token><tag type="from">4</tag><tag type="to">9</tag><cat><forward><backward><atomic>S</atomic><atomic>NP</atomic></backward><backward><atomic>S</atomic><atomic>NP</atomic></backward></forward></cat><sem><var>nil</var></sem></lex><binaryrule type="fa" description="Forward Application"><cat><backward><atomic feature="dcl">S</atomic><atomic>NP</atomic></backward></cat><sem><var>nil</var></sem><lex><token>graduated</token><tag type="from">10</tag><tag type="to">19</tag><cat><forward><backward><atomic feature="dcl">S</atomic><atomic>NP</atomic></backward><atomic>PP</atomic></forward></cat><sem><var>nil</var></sem></lex><binaryrule type="fa" description="Forward Application"><cat><atomic>PP</atomic></cat><sem><var>nil</var></sem><lex><token>from</token><tag type="from">20</tag><tag type="to">24</tag><cat><forward><atomic>PP</atomic><atomic>NP</atomic></forward></cat><sem><var>nil</var></sem></lex><binaryrule type="rp" description="Remove Punctuation"><cat><atomic>NP</atomic></cat><sem><var>nil</var></sem><unaryrule type="tc" description="Type Changing"><cat><atomic>NP</atomic></cat><lex><token>high~school</token><tag type="from">25</tag><tag type="to">36</tag><cat><atomic>N</atomic></cat><sem><var>nil</var></sem></lex></unaryrule><lex><token>.</token><tag type="from">36</tag><tag type="to">37</tag><cat><atomic>.</atomic></cat><sem><var>nil</var></sem></lex></binaryrule></binaryrule></binaryrule></binaryrule></binaryrule> </der>
</xdrs-output>
