<?xml version="1.0" encoding="UTF-8"?>
<!DOCTYPE xdrs-output SYSTEM "src/data/boxer/xdrs.dtd">
<xdrs-output>
 <der id="1">
<binaryrule type="ba" description="Backward Application"><cat><atomic feature="dcl">S</atomic></cat><sem><var>nil</var></sem><lex><token>I</token><tag type="from">0</tag><tag type="to">1</tag><cat><atomic>NP</atomic></cat><sem><var>nil</var></sem></lex><binaryrule type="ba" description="Backward Application"><cat><backward><atomic feature="dcl">S</atomic><atomic>NP</atomic></backward></cat><sem><var>nil</var></sem><binaryrule type="fa" description="Forward Application"><cat><backward><atomic feature="dcl">S</atomic><atomic>NP</atomic></backward></cat><sem><var>nil</var></sem><binaryrule type="bxc" description="Backward Crossed Composition"><cat><forward><backward><atomic feature="dcl">S</atomic><atomic>NP</atomic></backward><backward><atomic feature="pt">S</atomic><atomic>NP</atomic></backward></forward></cat><sem><var>nil</var></sem><lex><token>have</token><tag type="from">2</tag><tag type="to">6</tag><cat><forward><backward><atomic feature="dcl">S</atomic><atomic>NP</atomic></backward><backward><atomic feature="pt">S</atomic><atomic>NP</atomic></backward></forward></cat><sem><var>nil</var></sem></lex><lex><token>n't</token><tag type="from">6</tag><tag type="to">9</tag><cat><backward><backward><atomic>S</atomic><atomic>NP</atomic></backward><backward><atomic>S</atomic><atomic>NP</atomic></backward></backward></cat><sem><var>nil</var></sem></lex></binaryrule><binaryrule type="fa" description="Forward Application"><cat><backward><atomic feature="pt">S</atomic><atomic>NP</atomic></backward></cat><sem><var>nil</var></sem><lex><token>read</token><tag type="from">10</tag><tag type="to">14</tag><cat><forward><backward><atomic feature="pt">S</atomic><atomic>NP</atomic></backward><atomic>NP</atomic></forward></cat><sem><var>nil</var></sem></lex><binaryrule type="fa" description="Forward Application"><cat><atomic>NP</atomic></cat><sem><var>nil</var></sem><lex><token>"</token><tag type="from">15</tag><tag type="to">16</tag><cat><forward><atomic>NP</atomic><atomic>NP</atomic></forward></cat><sem><var>nil</var></sem></lex><binaryrule type="ba" description="Backward Application"><cat><atomic>NP</atomic></cat><sem><var>nil</var></sem><unaryrule type="tc" description="Type Changing"><cat><atomic>NP</atomic></cat><lex><token>War~and~Peace</token><tag type="from">16</tag><tag type="to">29</tag><cat><atomic>N</atomic></cat><sem><var>nil</var></sem></lex></unaryrule><lex><token>"</token><tag type="from">29</tag><tag type="to">30</tag><cat><backward><atomic>NP</atomic><atomic>NP</atomic></backward></cat><sem><var>nil</var></sem></lex></binaryrule></binaryrule></binaryrule></binaryrule><binaryrule type="rp" description="Remove Punctuation"><cat><backward><backward><atomic>S</atomic><atomic>NP</atomic></backward><backward><atomic>S</atomic><atomic>NP</atomic></backward></backward></cat><sem><var>nil</var></sem><lex><token>either</token><tag type="from">31</tag><tag type="to">37</tag><cat><backward><backward><atomic>S</atomic><atomic>NP</atomic></backward><backward><atomic>S</atomic><atomic>NP</atomic></backward></backward></cat><sem><var>nil</var></sem></lex><lex><token>.</token><tag type="from">37</tag><tag type="to">38</tag><cat><atomic>.</atomic></cat><sem><var>nil</var></sem></lex></binaryrule></binaryrule></binaryrule> </der>
</xdrs-output>
