<?xml version="1.0" encoding="UTF-8"?>
<!DOCTYPE xdrs-output SYSTEM "src/data/boxer/xdrs.dtd">
<xdrs-output>
 <der id="1">
<binaryrule type="rp" description="Remove Punctuation"><cat><atomic feature="dcl">S</atomic></cat><sem><var>nil</var></sem><binaryrule type="fa" description="Forward Application"><cat><atomic feature="dcl">S</atomic></cat><sem><var>nil</var></sem><binaryrule type="fa" description="Forward Application"><cat><forward><atomic feature="dcl">S</atomic><forward><atomic feature="dcl">S</atomic><atomic>NP</atomic></forward></forward></cat><sem><var>nil</var></sem><lex><token>What</token><tag type="from">0</tag><tag type="to">4</tag><cat><forward><forward><atomic feature="dcl">S</atomic><forward><atomic feature="dcl">S</atomic><atomic>NP</atomic></forward></forward><atomic>NP</atomic></forward></cat><sem><var>nil</var></sem></lex><binaryrule type="fa" description="Forward Application"><cat><atomic>NP</atomic></cat><sem><var>nil</var></sem><lex><token>a</token><tag type="from">5</tag><tag type="to">6</tag><cat><forward><atomic>NP</atomic><atomic>N</atomic></forward></cat><sem><var>nil</var></sem></lex><binaryrule type="fa" description="Forward Application"><cat><atomic>N</atomic></cat><sem><var>nil</var></sem><lex><token>stupid</token><tag type="from">7</tag><tag type="to">13</tag><cat><forward><atomic>N</atomic><atomic>N</atomic></forward></cat><sem><var>nil</var></sem></lex><lex><token>boy</token><tag type="from">14</tag><tag type="to">17</tag><cat><atomic>N</atomic></cat><sem><var>nil</var></sem></lex></binaryrule></binaryrule></binaryrule><binaryrule type="fc" description="Forward Composition"><cat><forward><atomic feature="dcl">S</atomic><atomic>NP</atomic></forward></cat><sem><var>nil</var></sem><unaryrule type="ftr" description="Forward Type Raising"><cat><forward><atomic feature="X">S</atomic><backward><atomic feature="X">S</atomic><atomic>NP</atomic></backward></forward></cat><lex><token>he</token><tag type="from">18</tag><tag type="to">20</tag><cat><atomic>NP</atomic></cat><sem><var>nil</var></sem></lex></unaryrule><lex><token>is</token><tag type="from">21</tag><tag type="to">23</tag><cat><forward><backward><atomic feature="dcl">S</atomic><atomic>NP</atomic></backward><atomic>NP</atomic></forward></cat><sem><var>nil</var></sem></lex></binaryrule></binaryrule><lex><token>!</token><tag type="from">23</tag><tag type="to">24</tag><cat><atomic>.</atomic></cat><sem><var>nil</var></sem></lex></binaryrule> </der>
</xdrs-output>
