<?xml version="1.0" encoding="UTF-8"?>
<!DOCTYPE xdrs-output SYSTEM "src/data/boxer/xdrs.dtd">
<xdrs-output>
 <der id="1">
<binaryrule type="ba" description="Backward Application"><cat><atomic feature="dcl">S</atomic></cat><sem><var>nil</var></sem><lex><token>I</token><tag type="from">0</tag><tag type="to">1</tag><cat><atomic>NP</atomic></cat><sem><var>nil</var></sem></lex><binaryrule type="fa" description="Forward Application"><cat><backward><atomic feature="dcl">S</atomic><atomic>NP</atomic></backward></cat><sem><var>nil</var></sem><lex><token>am</token><tag type="from">2</tag><tag type="to">4</tag><cat><forward><backward><atomic feature="dcl">S</atomic><atomic>NP</atomic></backward><backward><atomic feature="adj">S</atomic><atomic>NP</atomic></backward></forward></cat><sem><var>nil</var></sem></lex><binaryrule type="fa" description="Forward Application"><cat><backward><atomic feature="adj">S</atomic><atomic>NP</atomic></backward></cat><sem><var>nil</var></sem><lex><token>allergic</token><tag type="from">5</tag><tag type="to">13</tag><cat><forward><backward><atomic feature="adj">S</atomic><atomic>NP</atomic></backward><atomic>PP</atomic></forward></cat><sem><var>nil</var></sem></lex><binaryrule type="fa" description="Forward Application"><cat><atomic>PP</atomic></cat><sem><var>nil</var></sem><lex><token>to</token><tag type="from">14</tag><tag type="to">16</tag><cat><forward><atomic>PP</atomic><atomic>NP</atomic></forward></cat><sem><var>nil</var></sem></lex><binaryrule type="rp" description="Remove Punctuation"><cat><atomic>NP</atomic></cat><sem><var>nil</var></sem><unaryrule type="tc" description="Type Changing"><cat><atomic>NP</atomic></cat><lex><token>cats</token><tag type="from">17</tag><tag type="to">21</tag><cat><atomic>N</atomic></cat><sem><var>nil</var></sem></lex></unaryrule><lex><token>.</token><tag type="from">21</tag><tag type="to">22</tag><cat><atomic>.</atomic></cat><sem><var>nil</var></sem></lex></binaryrule></binaryrule></binaryrule></binaryrule></binaryrule> </der>
</xdrs-output>
