<?xml version="1.0" encoding="UTF-8"?>
<!DOCTYPE xdrs-output SYSTEM "src/data/boxer/xdrs.dtd">
<xdrs-output>
 <der id="1">
<binaryrule type="ba" description="Backward Application"><cat><atomic feature="q">S</atomic></cat><sem><var>nil</var></sem><binaryrule type="ba" description="Backward Application"><cat><atomic feature="dcl">S</atomic></cat><sem><var>nil</var></sem><unaryrule type="tc" description="Type Changing"><cat><atomic>NP</atomic></cat><lex><token>Sam</token><tag type="from">0</tag><tag type="to">3</tag><cat><atomic>N</atomic></cat><sem><var>nil</var></sem></lex></unaryrule><binaryrule type="fa" description="Forward Application"><cat><backward><atomic feature="dcl">S</atomic><atomic>NP</atomic></backward></cat><sem><var>nil</var></sem><lex><token>is</token><tag type="from">4</tag><tag type="to">6</tag><cat><forward><backward><atomic feature="dcl">S</atomic><atomic>NP</atomic></backward><atomic>NP</atomic></forward></cat><sem><var>nil</var></sem></lex><binaryrule type="fa" description="Forward Application"><cat><atomic>NP</atomic></cat><sem><var>nil</var></sem><lex><token>a</token><tag type="from">7</tag><tag type="to">8</tag><cat><forward><atomic>NP</atomic><atomic>N</atomic></forward></cat><sem><var>nil</var></sem></lex><lex><token>philosopher</token><tag type="from">9</tag><tag type="to">20</tag><cat><atomic>N</atomic></cat><sem><var>nil</var></sem></lex></binaryrule></binaryrule></binaryrule><binaryrule type="fa" description="Forward Application"><cat><backward><atomic feature="q">S</atomic><atomic feature="dcl">S</atomic></backward></cat><sem><var>nil</var></sem><lex><token>,</token><tag type="from">20</tag><tag type="to">21</tag><cat><forward><backward><atomic feature="q">S</atomic><atomic feature="dcl">S</atomic></backward><forward><atomic feature="q">S</atomic><atomic>NP</atomic></forward></forward></cat><sem><var>nil</var></sem></lex><binaryrule type="fa" description="Forward Application"><cat><forward><atomic feature="q">S</atomic><atomic>NP</atomic></forward></cat><sem><var>nil</var></sem><binaryrule type="gbxc" description="Backward Crossed Composition"><cat><forward><forward><atomic feature="q">S</atomic><atomic>NP</atomic></forward><atomic>NP</atomic></forward></cat><sem><var>nil</var></sem><lex><token>is</token><tag type="from">22</tag><tag type="to">24</tag><cat><forward><forward><atomic feature="q">S</atomic><atomic>NP</atomic></forward><atomic>NP</atomic></forward></cat><sem><var>nil</var></sem></lex><lex><token>n't</token><tag type="from">24</tag><tag type="to">27</tag><cat><backward><atomic>S</atomic><atomic>S</atomic></backward></cat><sem><var>nil</var></sem></lex></binaryrule><binaryrule type="rp" description="Remove Punctuation"><cat><atomic>NP</atomic></cat><sem><var>nil</var></sem><lex><token>he</token><tag type="from">28</tag><tag type="to">30</tag><cat><atomic>NP</atomic></cat><sem><var>nil</var></sem></lex><lex><token>?</token><tag type="from">30</tag><tag type="to">31</tag><cat><atomic>.</atomic></cat><sem><var>nil</var></sem></lex></binaryrule></binaryrule></binaryrule></binaryrule> </der>
</xdrs-output>
