<?xml version="1.0" encoding="UTF-8"?>
<!DOCTYPE xdrs-output SYSTEM "src/data/boxer/xdrs.dtd">
<xdrs-output>
 <der id="1">
<binaryrule type="ba" description="Backward Application"><cat><atomic feature="dcl">S</atomic></cat><sem><var>nil</var></sem><lex><token>I</token><tag type="from">0</tag><tag type="to">1</tag><cat><atomic>NP</atomic></cat><sem><var>nil</var></sem></lex><binaryrule type="ba" description="Backward Application"><cat><backward><atomic feature="dcl">S</atomic><atomic>NP</atomic></backward></cat><sem><var>nil</var></sem><lex><token>made</token><tag type="from">2</tag><tag type="to">6</tag><cat><forward><backward><atomic feature="dcl">S</atomic><atomic>NP</atomic></backward><atomic>NP</atomic></forward></cat><sem><var>nil</var></sem></lex><binaryrule type="rp" description="Remove Punctuation"><cat><backward><backward><atomic feature="X">S</atomic><atomic>NP</atomic></backward><forward><backward><atomic feature="X">S</atomic><atomic>NP</atomic></backward><atomic>NP</atomic></forward></backward></cat><sem><var>nil</var></sem><unaryrule type="btr" description="Backward Type Raising"><cat><backward><backward><atomic feature="X">S</atomic><atomic>NP</atomic></backward><forward><backward><atomic feature="X">S</atomic><atomic>NP</atomic></backward><atomic>NP</atomic></forward></backward></cat><binaryrule type="fa" description="Forward Application"><cat><atomic>NP</atomic></cat><sem><var>nil</var></sem><lex><token>this</token><tag type="from">7</tag><tag type="to">11</tag><cat><forward><atomic>NP</atomic><atomic>N</atomic></forward></cat><sem><var>nil</var></sem></lex><lex><token>chair</token><tag type="from">12</tag><tag type="to">17</tag><cat><atomic>N</atomic></cat><sem><var>nil</var></sem></lex></binaryrule></unaryrule><lex><token>.</token><tag type="from">17</tag><tag type="to">18</tag><cat><atomic>.</atomic></cat><sem><var>nil</var></sem></lex></binaryrule></binaryrule></binaryrule> </der>
</xdrs-output>
