<?xml version="1.0" encoding="UTF-8"?>
<!DOCTYPE xdrs-output SYSTEM "src/data/boxer/xdrs.dtd">
<xdrs-output>
 <der id="1">
<binaryrule type="ba" description="Backward Application"><cat><atomic feature="dcl">S</atomic></cat><sem><var>nil</var></sem><binaryrule type="ba" description="Backward Application"><cat><atomic feature="dcl">S</atomic></cat><sem><var>nil</var></sem><lex><token>Ik</token><tag type="from">0</tag><tag type="to">2</tag><cat><atomic>NP</atomic></cat><sem><var>nil</var></sem></lex><binaryrule type="fa" description="Forward Application"><cat><backward><atomic feature="dcl">S</atomic><atomic>NP</atomic></backward></cat><sem><var>nil</var></sem><binaryrule type="fa" description="Forward Application"><cat><forward><backward><atomic feature="dcl">S</atomic><atomic>NP</atomic></backward><atomic>PP</atomic></forward></cat><sem><var>nil</var></sem><lex><token>heb</token><tag type="from">3</tag><tag type="to">6</tag><cat><forward><forward><backward><atomic feature="dcl">S</atomic><atomic>NP</atomic></backward><atomic>PP</atomic></forward><atomic>NP</atomic></forward></cat><sem><var>nil</var></sem></lex><binaryrule type="fa" description="Forward Application"><cat><atomic>NP</atomic></cat><sem><var>nil</var></sem><lex><token>wat</token><tag type="from">7</tag><tag type="to">10</tag><cat><forward><atomic>NP</atomic><atomic>N</atomic></forward></cat><sem><var>nil</var></sem></lex><lex><token>geld</token><tag type="from">11</tag><tag type="to">15</tag><cat><atomic>N</atomic></cat><sem><var>nil</var></sem></lex></binaryrule></binaryrule><binaryrule type="fa" description="Forward Application"><cat><atomic>PP</atomic></cat><sem><var>nil</var></sem><lex><token>uit</token><tag type="from">16</tag><tag type="to">19</tag><cat><forward><atomic>PP</atomic><atomic>NP</atomic></forward></cat><sem><var>nil</var></sem></lex><binaryrule type="fa" description="Forward Application"><cat><atomic>NP</atomic></cat><sem><var>nil</var></sem><lex><token>een</token><tag type="from">20</tag><tag type="to">23</tag><cat><forward><atomic>NP</atomic><atomic>N</atomic></forward></cat><sem><var>nil</var></sem></lex><lex><token>geldautomaat</token><tag type="from">24</tag><tag type="to">36</tag><cat><atomic>N</atomic></cat><sem><var>nil</var></sem></lex></binaryrule></binaryrule></binaryrule></binaryrule><lex><token>.</token><tag type="from">36</tag><tag type="to">37</tag><cat><backward><atomic feature="dcl">S</atomic><atomic feature="dcl">S</atomic></backward></cat><sem><var>nil</var></sem></lex></binaryrule> </der>
</xdrs-output>
