<?xml version="1.0" encoding="UTF-8"?>
<!DOCTYPE xdrs-output SYSTEM "src/data/boxer/xdrs.dtd">
<xdrs-output>
 <der id="1">
<binaryrule type="fa" description="Forward Application"><cat><atomic feature="q">S</atomic></cat><sem><var>nil</var></sem><binaryrule type="fa" description="Forward Application"><cat><forward><atomic feature="q">S</atomic><backward><atomic feature="b">S</atomic><atomic>NP</atomic></backward></forward></cat><sem><var>nil</var></sem><lex><token>Do</token><tag type="from">0</tag><tag type="to">2</tag><cat><forward><forward><atomic feature="q">S</atomic><backward><atomic feature="b">S</atomic><atomic>NP</atomic></backward></forward><atomic>NP</atomic></forward></cat><sem><var>nil</var></sem></lex><lex><token>you</token><tag type="from">3</tag><tag type="to">6</tag><cat><atomic>NP</atomic></cat><sem><var>nil</var></sem></lex></binaryrule><binaryrule type="fa" description="Forward Application"><cat><backward><atomic feature="b">S</atomic><atomic>NP</atomic></backward></cat><sem><var>nil</var></sem><lex><token>speak</token><tag type="from">7</tag><tag type="to">12</tag><cat><forward><backward><atomic feature="b">S</atomic><atomic>NP</atomic></backward><atomic>NP</atomic></forward></cat><sem><var>nil</var></sem></lex><binaryrule type="rp" description="Remove Punctuation"><cat><atomic>NP</atomic></cat><sem><var>nil</var></sem><unaryrule type="tc" description="Type Changing"><cat><atomic>NP</atomic></cat><lex><token>Hebrew</token><tag type="from">13</tag><tag type="to">19</tag><cat><atomic>N</atomic></cat><sem><var>nil</var></sem></lex></unaryrule><lex><token>?</token><tag type="from">19</tag><tag type="to">20</tag><cat><atomic>.</atomic></cat><sem><var>nil</var></sem></lex></binaryrule></binaryrule></binaryrule> </der>
</xdrs-output>
