<?xml version="1.0" encoding="UTF-8"?>
<!DOCTYPE xdrs-output SYSTEM "src/data/boxer/xdrs.dtd">
<xdrs-output>
 <der id="1">
<binaryrule type="ba" description="Backward Application"><cat><atomic feature="dcl">S</atomic></cat><sem><var>nil</var></sem><lex><token>I</token><tag type="from">0</tag><tag type="to">1</tag><cat><atomic>NP</atomic></cat><sem><var>nil</var></sem></lex><binaryrule type="ba" description="Backward Application"><cat><backward><atomic feature="dcl">S</atomic><atomic>NP</atomic></backward></cat><sem><var>nil</var></sem><binaryrule type="fa" description="Forward Application"><cat><forward><backward><atomic feature="dcl">S</atomic><atomic>NP</atomic></backward><atomic>PP</atomic></forward></cat><sem><var>nil</var></sem><lex><token>received</token><tag type="from">2</tag><tag type="to">10</tag><cat><forward><forward><backward><atomic feature="dcl">S</atomic><atomic>NP</atomic></backward><atomic>PP</atomic></forward><atomic>NP</atomic></forward></cat><sem><var>nil</var></sem></lex><binaryrule type="fa" description="Forward Application"><cat><atomic>NP</atomic></cat><sem><var>nil</var></sem><lex><token>a</token><tag type="from">11</tag><tag type="to">12</tag><cat><forward><atomic>NP</atomic><atomic>N</atomic></forward></cat><sem><var>nil</var></sem></lex><lex><token>telegram</token><tag type="from">13</tag><tag type="to">21</tag><cat><atomic>N</atomic></cat><sem><var>nil</var></sem></lex></binaryrule></binaryrule><binaryrule type="rp" description="Remove Punctuation"><cat><backward><backward><atomic feature="X">S</atomic><atomic>NP</atomic></backward><forward><backward><atomic feature="X">S</atomic><atomic>NP</atomic></backward><atomic>PP</atomic></forward></backward></cat><sem><var>nil</var></sem><unaryrule type="btr" description="Backward Type Raising"><cat><backward><backward><atomic feature="X">S</atomic><atomic>NP</atomic></backward><forward><backward><atomic feature="X">S</atomic><atomic>NP</atomic></backward><atomic>PP</atomic></forward></backward></cat><binaryrule type="fa" description="Forward Application"><cat><atomic>PP</atomic></cat><sem><var>nil</var></sem><lex><token>from</token><tag type="from">22</tag><tag type="to">26</tag><cat><forward><atomic>PP</atomic><atomic>NP</atomic></forward></cat><sem><var>nil</var></sem></lex><lex><token>her</token><tag type="from">27</tag><tag type="to">30</tag><cat><atomic>NP</atomic></cat><sem><var>nil</var></sem></lex></binaryrule></unaryrule><lex><token>.</token><tag type="from">30</tag><tag type="to">31</tag><cat><atomic>.</atomic></cat><sem><var>nil</var></sem></lex></binaryrule></binaryrule></binaryrule> </der>
</xdrs-output>
