<?xml version="1.0" encoding="UTF-8"?>
<!DOCTYPE xdrs-output SYSTEM "src/data/boxer/xdrs.dtd">
<xdrs-output>
 <der id="1">
<binaryrule type="ba" description="Backward Application"><cat><atomic feature="wq">S</atomic></cat><sem><var>nil</var></sem><binaryrule type="fa" description="Forward Application"><cat><atomic feature="wq">S</atomic></cat><sem><var>nil</var></sem><lex><token>Was</token><tag type="from">0</tag><tag type="to">3</tag><cat><forward><atomic feature="wq">S</atomic><forward><atomic feature="q">S</atomic><atomic>NP</atomic></forward></forward></cat><sem><var>nil</var></sem></lex><binaryrule type="fa" description="Forward Application"><cat><forward><atomic feature="q">S</atomic><atomic>NP</atomic></forward></cat><sem><var>nil</var></sem><lex><token>kostet</token><tag type="from">4</tag><tag type="to">10</tag><cat><forward><forward><atomic feature="q">S</atomic><atomic>NP</atomic></forward><atomic>NP</atomic></forward></cat><sem><var>nil</var></sem></lex><binaryrule type="fa" description="Forward Application"><cat><atomic>NP</atomic></cat><sem><var>nil</var></sem><lex><token>diese</token><tag type="from">11</tag><tag type="to">16</tag><cat><forward><atomic>NP</atomic><atomic>N</atomic></forward></cat><sem><var>nil</var></sem></lex><lex><token>Kamera</token><tag type="from">17</tag><tag type="to">23</tag><cat><atomic>N</atomic></cat><sem><var>nil</var></sem></lex></binaryrule></binaryrule></binaryrule><lex><token>?</token><tag type="from">23</tag><tag type="to">24</tag><cat><backward><atomic feature="wq">S</atomic><atomic feature="wq">S</atomic></backward></cat><sem><var>nil</var></sem></lex></binaryrule> </der>
</xdrs-output>
