<?xml version="1.0" encoding="UTF-8"?>
<!DOCTYPE xdrs-output SYSTEM "src/data/boxer/xdrs.dtd">
<xdrs-output>
 <der id="1">
<binaryrule type="fa" description="Forward Application"><cat><atomic feature="wq">S</atomic></cat><sem><var>nil</var></sem><binaryrule type="fa" description="Forward Application"><cat><forward><atomic feature="wq">S</atomic><forward><atomic feature="q">S</atomic><atomic>NP</atomic></forward></forward></cat><sem><var>nil</var></sem><lex><token>How</token><tag type="from">0</tag><tag type="to">3</tag><cat><forward><forward><atomic feature="wq">S</atomic><forward><atomic feature="q">S</atomic><atomic>NP</atomic></forward></forward><atomic>N</atomic></forward></cat><sem><var>nil</var></sem></lex><lex><token>much</token><tag type="from">4</tag><tag type="to">8</tag><cat><atomic>N</atomic></cat><sem><var>nil</var></sem></lex></binaryrule><binaryrule type="fa" description="Forward Application"><cat><forward><atomic feature="q">S</atomic><atomic>NP</atomic></forward></cat><sem><var>nil</var></sem><lex><token>is</token><tag type="from">9</tag><tag type="to">11</tag><cat><forward><forward><atomic feature="q">S</atomic><atomic>NP</atomic></forward><atomic>NP</atomic></forward></cat><sem><var>nil</var></sem></lex><binaryrule type="rp" description="Remove Punctuation"><cat><atomic>NP</atomic></cat><sem><var>nil</var></sem><binaryrule type="fa" description="Forward Application"><cat><atomic>NP</atomic></cat><sem><var>nil</var></sem><lex><token>this</token><tag type="from">12</tag><tag type="to">16</tag><cat><forward><atomic>NP</atomic><atomic>N</atomic></forward></cat><sem><var>nil</var></sem></lex><lex><token>camera</token><tag type="from">17</tag><tag type="to">23</tag><cat><atomic>N</atomic></cat><sem><var>nil</var></sem></lex></binaryrule><lex><token>?</token><tag type="from">23</tag><tag type="to">24</tag><cat><atomic>.</atomic></cat><sem><var>nil</var></sem></lex></binaryrule></binaryrule></binaryrule> </der>
</xdrs-output>
