<?xml version="1.0" encoding="UTF-8"?>
<!DOCTYPE xdrs-output SYSTEM "src/data/boxer/xdrs.dtd">
<xdrs-output>
 <der id="1">
<binaryrule type="ba" description="Backward Application"><cat><atomic feature="dcl">S</atomic></cat><sem><var>nil</var></sem><binaryrule type="fa" description="Forward Application"><cat><atomic>NP</atomic></cat><sem><var>nil</var></sem><lex><token>Neither</token><tag type="from">0</tag><tag type="to">7</tag><cat><forward><atomic>NP</atomic><atomic>PP</atomic></forward></cat><sem><var>nil</var></sem></lex><binaryrule type="fa" description="Forward Application"><cat><atomic>PP</atomic></cat><sem><var>nil</var></sem><lex><token>of</token><tag type="from">8</tag><tag type="to">10</tag><cat><forward><atomic>PP</atomic><atomic>NP</atomic></forward></cat><sem><var>nil</var></sem></lex><lex><token>us</token><tag type="from">11</tag><tag type="to">13</tag><cat><atomic>NP</atomic></cat><sem><var>nil</var></sem></lex></binaryrule></binaryrule><binaryrule type="ba" description="Backward Application"><cat><backward><atomic feature="dcl">S</atomic><atomic>NP</atomic></backward></cat><sem><var>nil</var></sem><binaryrule type="fa" description="Forward Application"><cat><backward><atomic feature="dcl">S</atomic><atomic>NP</atomic></backward></cat><sem><var>nil</var></sem><lex><token>were</token><tag type="from">14</tag><tag type="to">18</tag><cat><forward><backward><atomic feature="dcl">S</atomic><atomic>NP</atomic></backward><atomic>PP</atomic></forward></cat><sem><var>nil</var></sem></lex><binaryrule type="fa" description="Forward Application"><cat><atomic>PP</atomic></cat><sem><var>nil</var></sem><lex><token>in</token><tag type="from">19</tag><tag type="to">21</tag><cat><forward><atomic>PP</atomic><atomic>NP</atomic></forward></cat><sem><var>nil</var></sem></lex><unaryrule type="tc" description="Type Changing"><cat><atomic>NP</atomic></cat><lex><token>Boston</token><tag type="from">22</tag><tag type="to">28</tag><cat><atomic>N</atomic></cat><sem><var>nil</var></sem></lex></unaryrule></binaryrule></binaryrule><binaryrule type="rp" description="Remove Punctuation"><cat><backward><backward><atomic>S</atomic><atomic>NP</atomic></backward><backward><atomic>S</atomic><atomic>NP</atomic></backward></backward></cat><sem><var>nil</var></sem><binaryrule type="fa" description="Forward Application"><cat><backward><backward><atomic>S</atomic><atomic>NP</atomic></backward><backward><atomic>S</atomic><atomic>NP</atomic></backward></backward></cat><sem><var>nil</var></sem><lex><token>at</token><tag type="from">29</tag><tag type="to">31</tag><cat><forward><backward><backward><atomic>S</atomic><atomic>NP</atomic></backward><backward><atomic>S</atomic><atomic>NP</atomic></backward></backward><atomic>NP</atomic></forward></cat><sem><var>nil</var></sem></lex><binaryrule type="fa" description="Forward Application"><cat><atomic>NP</atomic></cat><sem><var>nil</var></sem><lex><token>that</token><tag type="from">32</tag><tag type="to">36</tag><cat><forward><atomic>NP</atomic><atomic>N</atomic></forward></cat><sem><var>nil</var></sem></lex><lex><token>time</token><tag type="from">37</tag><tag type="to">41</tag><cat><atomic>N</atomic></cat><sem><var>nil</var></sem></lex></binaryrule></binaryrule><lex><token>.</token><tag type="from">41</tag><tag type="to">42</tag><cat><atomic>.</atomic></cat><sem><var>nil</var></sem></lex></binaryrule></binaryrule></binaryrule> </der>
</xdrs-output>
