<?xml version="1.0" encoding="UTF-8"?>
<!DOCTYPE xdrs-output SYSTEM "src/data/boxer/xdrs.dtd">
<xdrs-output>
 <der id="1">
<binaryrule type="ba" description="Backward Application"><cat><atomic feature="dcl">S</atomic></cat><sem><var>nil</var></sem><lex><token>He</token><tag type="from">0</tag><tag type="to">2</tag><cat><atomic>NP</atomic></cat><sem><var>nil</var></sem></lex><binaryrule type="rp" description="Remove Punctuation"><cat><backward><atomic feature="dcl">S</atomic><atomic>NP</atomic></backward></cat><sem><var>nil</var></sem><binaryrule type="fa" description="Forward Application"><cat><backward><atomic feature="dcl">S</atomic><atomic>NP</atomic></backward></cat><sem><var>nil</var></sem><lex><token>is</token><tag type="from">3</tag><tag type="to">5</tag><cat><forward><backward><atomic feature="dcl">S</atomic><atomic>NP</atomic></backward><backward><atomic feature="adj">S</atomic><atomic>NP</atomic></backward></forward></cat><sem><var>nil</var></sem></lex><binaryrule type="fa" description="Forward Application"><cat><backward><atomic feature="adj">S</atomic><atomic>NP</atomic></backward></cat><sem><var>nil</var></sem><lex><token>very</token><tag type="from">6</tag><tag type="to">10</tag><cat><forward><backward><atomic feature="adj">S</atomic><atomic>NP</atomic></backward><backward><atomic feature="adj">S</atomic><atomic>NP</atomic></backward></forward></cat><sem><var>nil</var></sem></lex><lex><token>young</token><tag type="from">11</tag><tag type="to">16</tag><cat><backward><atomic feature="adj">S</atomic><atomic>NP</atomic></backward></cat><sem><var>nil</var></sem></lex></binaryrule></binaryrule><lex><token>.</token><tag type="from">16</tag><tag type="to">17</tag><cat><atomic>.</atomic></cat><sem><var>nil</var></sem></lex></binaryrule></binaryrule> </der>
</xdrs-output>
