<?xml version="1.0" encoding="UTF-8"?>
<!DOCTYPE xdrs-output SYSTEM "src/data/boxer/xdrs.dtd">
<xdrs-output>
 <der id="1">
<binaryrule type="ba" description="Backward Application"><cat><atomic feature="dcl">S</atomic></cat><sem><var>nil</var></sem><binaryrule type="ba" description="Backward Application"><cat><atomic feature="dcl">S</atomic></cat><sem><var>nil</var></sem><binaryrule type="fa" description="Forward Application"><cat><atomic>NP</atomic></cat><sem><var>nil</var></sem><lex><token>Dieser</token><tag type="from">0</tag><tag type="to">6</tag><cat><forward><atomic>NP</atomic><atomic>N</atomic></forward></cat><sem><var>nil</var></sem></lex><lex><token>Mantel</token><tag type="from">7</tag><tag type="to">13</tag><cat><atomic>N</atomic></cat><sem><var>nil</var></sem></lex></binaryrule><binaryrule type="fa" description="Forward Application"><cat><backward><atomic feature="dcl">S</atomic><atomic>NP</atomic></backward></cat><sem><var>nil</var></sem><lex><token>hat</token><tag type="from">14</tag><tag type="to">17</tag><cat><forward><backward><atomic feature="dcl">S</atomic><atomic>NP</atomic></backward><backward><atomic feature="pt">S</atomic><atomic>NP</atomic></backward></forward></cat><sem><var>nil</var></sem></lex><binaryrule type="ba" description="Backward Application"><cat><backward><atomic feature="pt">S</atomic><atomic>NP</atomic></backward></cat><sem><var>nil</var></sem><unaryrule type="tc" description="Type Changing"><cat><atomic>NP</atomic></cat><binaryrule type="fa" description="Forward Application"><cat><atomic>N</atomic></cat><sem><var>nil</var></sem><lex><token>drei</token><tag type="from">18</tag><tag type="to">22</tag><cat><forward><atomic>N</atomic><atomic>N</atomic></forward></cat><sem><var>nil</var></sem></lex><lex><token>Jahre</token><tag type="from">23</tag><tag type="to">28</tag><cat><atomic>N</atomic></cat><sem><var>nil</var></sem></lex></binaryrule></unaryrule><lex><token>gehalten</token><tag type="from">29</tag><tag type="to">37</tag><cat><backward><backward><atomic feature="pt">S</atomic><atomic>NP</atomic></backward><atomic>NP</atomic></backward></cat><sem><var>nil</var></sem></lex></binaryrule></binaryrule></binaryrule><lex><token>.</token><tag type="from">37</tag><tag type="to">38</tag><cat><backward><atomic feature="dcl">S</atomic><atomic feature="dcl">S</atomic></backward></cat><sem><var>nil</var></sem></lex></binaryrule> </der>
</xdrs-output>
