<?xml version="1.0" encoding="UTF-8"?>
<!DOCTYPE xdrs-output SYSTEM "src/data/boxer/xdrs.dtd">
<xdrs-output>
 <der id="1">
<binaryrule type="ba" description="Backward Application"><cat><atomic feature="dcl">S</atomic></cat><sem><var>nil</var></sem><binaryrule type="ba" description="Backward Application"><cat><atomic feature="dcl">S</atomic></cat><sem><var>nil</var></sem><unaryrule type="tc" description="Type Changing"><cat><atomic>NP</atomic></cat><lex><token>Mary</token><tag type="from">0</tag><tag type="to">4</tag><cat><atomic>N</atomic></cat><sem><var>nil</var></sem></lex></unaryrule><binaryrule type="fa" description="Forward Application"><cat><backward><atomic feature="dcl">S</atomic><atomic>NP</atomic></backward></cat><sem><var>nil</var></sem><lex><token>kan</token><tag type="from">5</tag><tag type="to">8</tag><cat><forward><backward><atomic feature="dcl">S</atomic><atomic>NP</atomic></backward><backward><atomic feature="b">S</atomic><atomic>NP</atomic></backward></forward></cat><sem><var>nil</var></sem></lex><binaryrule type="ba" description="Backward Application"><cat><backward><atomic feature="b">S</atomic><atomic>NP</atomic></backward></cat><sem><var>nil</var></sem><unaryrule type="tc" description="Type Changing"><cat><atomic>NP</atomic></cat><lex><token>Japans</token><tag type="from">9</tag><tag type="to">15</tag><cat><atomic>N</atomic></cat><sem><var>nil</var></sem></lex></unaryrule><lex><token>spreken</token><tag type="from">16</tag><tag type="to">23</tag><cat><backward><backward><atomic feature="b">S</atomic><atomic>NP</atomic></backward><atomic>NP</atomic></backward></cat><sem><var>nil</var></sem></lex></binaryrule></binaryrule></binaryrule><lex><token>.</token><tag type="from">23</tag><tag type="to">24</tag><cat><backward><atomic feature="dcl">S</atomic><atomic feature="dcl">S</atomic></backward></cat><sem><var>nil</var></sem></lex></binaryrule> </der>
</xdrs-output>
