<?xml version="1.0" encoding="UTF-8"?>
<!DOCTYPE xdrs-output SYSTEM "src/data/boxer/xdrs.dtd">
<xdrs-output>
 <der id="1">
<binaryrule type="fa" description="Forward Application"><cat><atomic feature="wq">S</atomic></cat><sem><var>nil</var></sem><binaryrule type="fa" description="Forward Application"><cat><forward><atomic feature="wq">S</atomic><forward><atomic feature="q">S</atomic><atomic>NP</atomic></forward></forward></cat><sem><var>nil</var></sem><lex><token>How</token><tag type="from">0</tag><tag type="to">3</tag><cat><forward><forward><atomic feature="wq">S</atomic><forward><atomic feature="q">S</atomic><atomic>NP</atomic></forward></forward><atomic>N</atomic></forward></cat><sem><var>nil</var></sem></lex><binaryrule type="fa" description="Forward Application"><cat><atomic>N</atomic></cat><sem><var>nil</var></sem><lex><token>many</token><tag type="from">4</tag><tag type="to">8</tag><cat><forward><atomic>N</atomic><atomic>N</atomic></forward></cat><sem><var>nil</var></sem></lex><lex><token>time~zones</token><tag type="from">9</tag><tag type="to">19</tag><cat><atomic>N</atomic></cat><sem><var>nil</var></sem></lex></binaryrule></binaryrule><binaryrule type="fa" description="Forward Application"><cat><forward><atomic feature="q">S</atomic><atomic>NP</atomic></forward></cat><sem><var>nil</var></sem><binaryrule type="fa" description="Forward Application"><cat><forward><forward><atomic feature="q">S</atomic><atomic>NP</atomic></forward><atomic>PP</atomic></forward></cat><sem><var>nil</var></sem><lex><token>are</token><tag type="from">20</tag><tag type="to">23</tag><cat><forward><forward><forward><atomic feature="q">S</atomic><atomic>NP</atomic></forward><atomic>PP</atomic></forward><atomic>NP</atomic></forward></cat><sem><var>nil</var></sem></lex><lex><token>there</token><tag type="from">24</tag><tag type="to">29</tag><cat><atomic>NP</atomic></cat><sem><var>nil</var></sem></lex></binaryrule><binaryrule type="fa" description="Forward Application"><cat><atomic>PP</atomic></cat><sem><var>nil</var></sem><lex><token>in</token><tag type="from">30</tag><tag type="to">32</tag><cat><forward><atomic>PP</atomic><atomic>NP</atomic></forward></cat><sem><var>nil</var></sem></lex><binaryrule type="rp" description="Remove Punctuation"><cat><atomic>NP</atomic></cat><sem><var>nil</var></sem><binaryrule type="fa" description="Forward Application"><cat><atomic>NP</atomic></cat><sem><var>nil</var></sem><lex><token>the</token><tag type="from">33</tag><tag type="to">36</tag><cat><forward><atomic>NP</atomic><atomic>N</atomic></forward></cat><sem><var>nil</var></sem></lex><lex><token>world</token><tag type="from">37</tag><tag type="to">42</tag><cat><atomic>N</atomic></cat><sem><var>nil</var></sem></lex></binaryrule><lex><token>?</token><tag type="from">42</tag><tag type="to">43</tag><cat><atomic>.</atomic></cat><sem><var>nil</var></sem></lex></binaryrule></binaryrule></binaryrule></binaryrule> </der>
</xdrs-output>
