<?xml version="1.0" encoding="UTF-8"?>
<!DOCTYPE xdrs-output SYSTEM "src/data/boxer/xdrs.dtd">
<xdrs-output>
 <der id="1">
<binaryrule type="ba" description="Backward Application"><cat><backward><atomic feature="b">S</atomic><atomic>NP</atomic></backward></cat><sem><var>nil</var></sem><lex><token>Aspetti</token><tag type="from">0</tag><tag type="to">7</tag><cat><backward><atomic feature="b">S</atomic><atomic>NP</atomic></backward></cat><sem><var>nil</var></sem></lex><lex><token>!</token><tag type="from">7</tag><tag type="to">8</tag><cat><backward><backward><atomic feature="b">S</atomic><atomic>NP</atomic></backward><backward><atomic feature="b">S</atomic><atomic>NP</atomic></backward></backward></cat><sem><var>nil</var></sem></lex></binaryrule> </der>
</xdrs-output>
