<?xml version="1.0" encoding="UTF-8"?>
<!DOCTYPE xdrs-output SYSTEM "src/data/boxer/xdrs.dtd">
<xdrs-output>
 <der id="1">
<binaryrule type="ba" description="Backward Application"><cat><atomic feature="dcl">S</atomic></cat><sem><var>nil</var></sem><binaryrule type="ba" description="Backward Application"><cat><atomic feature="dcl">S</atomic></cat><sem><var>nil</var></sem><unaryrule type="tc" description="Type Changing"><cat><atomic>NP</atomic></cat><lex><token>Tom</token><tag type="from">0</tag><tag type="to">3</tag><cat><atomic>N</atomic></cat><sem><var>nil</var></sem></lex></unaryrule><binaryrule type="ba" description="Backward Application"><cat><backward><atomic feature="dcl">S</atomic><atomic>NP</atomic></backward></cat><sem><var>nil</var></sem><binaryrule type="fa" description="Forward Application"><cat><backward><atomic feature="dcl">S</atomic><atomic>NP</atomic></backward></cat><sem><var>nil</var></sem><binaryrule type="bxc" description="Backward Crossed Composition"><cat><forward><backward><atomic feature="dcl">S</atomic><atomic>NP</atomic></backward><atomic>NP</atomic></forward></cat><sem><var>nil</var></sem><lex><token>spielt</token><tag type="from">4</tag><tag type="to">10</tag><cat><forward><backward><atomic feature="dcl">S</atomic><atomic>NP</atomic></backward><atomic>NP</atomic></forward></cat><sem><var>nil</var></sem></lex><lex><token>nun</token><tag type="from">11</tag><tag type="to">14</tag><cat><backward><backward><atomic feature="dcl">S</atomic><atomic>NP</atomic></backward><backward><atomic feature="dcl">S</atomic><atomic>NP</atomic></backward></backward></cat><sem><var>nil</var></sem></lex></binaryrule><unaryrule type="tc" description="Type Changing"><cat><atomic>NP</atomic></cat><lex><token>Poker</token><tag type="from">15</tag><tag type="to">20</tag><cat><atomic>N</atomic></cat><sem><var>nil</var></sem></lex></unaryrule></binaryrule><binaryrule type="fa" description="Forward Application"><cat><backward><backward><atomic feature="dcl">S</atomic><atomic>NP</atomic></backward><backward><atomic feature="dcl">S</atomic><atomic>NP</atomic></backward></backward></cat><sem><var>nil</var></sem><lex><token>mit</token><tag type="from">21</tag><tag type="to">24</tag><cat><forward><backward><backward><atomic feature="dcl">S</atomic><atomic>NP</atomic></backward><backward><atomic feature="dcl">S</atomic><atomic>NP</atomic></backward></backward><atomic>NP</atomic></forward></cat><sem><var>nil</var></sem></lex><binaryrule type="fa" description="Forward Application"><cat><atomic>NP</atomic></cat><sem><var>nil</var></sem><lex><token>seinen</token><tag type="from">25</tag><tag type="to">31</tag><cat><forward><atomic>NP</atomic><forward><atomic>N</atomic><atomic>PP</atomic></forward></forward></cat><sem><var>nil</var></sem></lex><lex><token>Freunden</token><tag type="from">32</tag><tag type="to">40</tag><cat><forward><atomic>N</atomic><atomic>PP</atomic></forward></cat><sem><var>nil</var></sem></lex></binaryrule></binaryrule></binaryrule></binaryrule><lex><token>.</token><tag type="from">40</tag><tag type="to">41</tag><cat><backward><atomic feature="dcl">S</atomic><atomic feature="dcl">S</atomic></backward></cat><sem><var>nil</var></sem></lex></binaryrule> </der>
</xdrs-output>
