<?xml version="1.0" encoding="UTF-8"?>
<!DOCTYPE xdrs-output SYSTEM "src/data/boxer/xdrs.dtd">
<xdrs-output>
 <der id="1">
<binaryrule type="ba" description="Backward Application"><cat><atomic feature="dcl">S</atomic></cat><sem><var>nil</var></sem><binaryrule type="ba" description="Backward Application"><cat><atomic feature="dcl">S</atomic></cat><sem><var>nil</var></sem><binaryrule type="fa" description="Forward Application"><cat><atomic>NP</atomic></cat><sem><var>nil</var></sem><lex><token>Il</token><tag type="from">0</tag><tag type="to">2</tag><cat><forward><atomic>NP</atomic><atomic>N</atomic></forward></cat><sem><var>nil</var></sem></lex><lex><token>letto</token><tag type="from">3</tag><tag type="to">8</tag><cat><atomic>N</atomic></cat><sem><var>nil</var></sem></lex></binaryrule><binaryrule type="fa" description="Forward Application"><cat><backward><atomic feature="dcl">S</atomic><atomic>NP</atomic></backward></cat><sem><var>nil</var></sem><lex><token>è</token><tag type="from">9</tag><tag type="to">10</tag><cat><forward><backward><atomic feature="dcl">S</atomic><atomic>NP</atomic></backward><atomic>PP</atomic></forward></cat><sem><var>nil</var></sem></lex><binaryrule type="fa" description="Forward Application"><cat><atomic>PP</atomic></cat><sem><var>nil</var></sem><lex><token>a</token><tag type="from">11</tag><tag type="to">12</tag><cat><forward><atomic>PP</atomic><atomic>NP</atomic></forward></cat><sem><var>nil</var></sem></lex><unaryrule type="tc" description="Type Changing"><cat><atomic>NP</atomic></cat><binaryrule type="fa" description="Forward Application"><cat><atomic>N</atomic></cat><sem><var>nil</var></sem><lex><token>120</token><tag type="from">13</tag><tag type="to">16</tag><cat><forward><atomic>N</atomic><atomic>N</atomic></forward></cat><sem><var>nil</var></sem></lex><lex><token>euro</token><tag type="from">17</tag><tag type="to">21</tag><cat><atomic>N</atomic></cat><sem><var>nil</var></sem></lex></binaryrule></unaryrule></binaryrule></binaryrule></binaryrule><lex><token>!</token><tag type="from">21</tag><tag type="to">22</tag><cat><backward><atomic feature="dcl">S</atomic><atomic feature="dcl">S</atomic></backward></cat><sem><var>nil</var></sem></lex></binaryrule> </der>
</xdrs-output>
