<?xml version="1.0" encoding="UTF-8"?>
<!DOCTYPE xdrs-output SYSTEM "src/data/boxer/xdrs.dtd">
<xdrs-output>
 <der id="1">
<binaryrule type="fa" description="Forward Application"><cat><atomic feature="dcl">S</atomic></cat><sem><var>nil</var></sem><binaryrule type="fa" description="Forward Application"><cat><forward><atomic feature="dcl">S</atomic><backward><atomic feature="pt">S</atomic><atomic>NP</atomic></backward></forward></cat><sem><var>nil</var></sem><lex><token>Have</token><tag type="from">0</tag><tag type="to">4</tag><cat><forward><forward><atomic feature="dcl">S</atomic><backward><atomic feature="pt">S</atomic><atomic>NP</atomic></backward></forward><atomic>NP</atomic></forward></cat><sem><var>nil</var></sem></lex><lex><token>you</token><tag type="from">5</tag><tag type="to">8</tag><cat><atomic>NP</atomic></cat><sem><var>nil</var></sem></lex></binaryrule><binaryrule type="fa" description="Forward Application"><cat><backward><atomic feature="pt">S</atomic><atomic>NP</atomic></backward></cat><sem><var>nil</var></sem><lex><token>eaten</token><tag type="from">9</tag><tag type="to">14</tag><cat><forward><backward><atomic feature="pt">S</atomic><atomic>NP</atomic></backward><atomic>NP</atomic></forward></cat><sem><var>nil</var></sem></lex><binaryrule type="rp" description="Remove Punctuation"><cat><atomic>NP</atomic></cat><sem><var>nil</var></sem><binaryrule type="fa" description="Forward Application"><cat><atomic>NP</atomic></cat><sem><var>nil</var></sem><lex><token>a</token><tag type="from">15</tag><tag type="to">16</tag><cat><forward><atomic>NP</atomic><atomic>N</atomic></forward></cat><sem><var>nil</var></sem></lex><binaryrule type="fa" description="Forward Application"><cat><atomic>N</atomic></cat><sem><var>nil</var></sem><lex><token>banana</token><tag type="from">17</tag><tag type="to">23</tag><cat><forward><atomic>N</atomic><atomic>N</atomic></forward></cat><sem><var>nil</var></sem></lex><lex><token>pie</token><tag type="from">24</tag><tag type="to">27</tag><cat><atomic>N</atomic></cat><sem><var>nil</var></sem></lex></binaryrule></binaryrule><lex><token>?</token><tag type="from">27</tag><tag type="to">28</tag><cat><atomic>.</atomic></cat><sem><var>nil</var></sem></lex></binaryrule></binaryrule></binaryrule> </der>
</xdrs-output>
