<?xml version="1.0" encoding="UTF-8"?>
<!DOCTYPE xdrs-output SYSTEM "src/data/boxer/xdrs.dtd">
<xdrs-output>
 <der id="1">
<binaryrule type="ba" description="Backward Application"><cat><atomic feature="dcl">S</atomic></cat><sem><var>nil</var></sem><binaryrule type="ba" description="Backward Application"><cat><atomic feature="dcl">S</atomic></cat><sem><var>nil</var></sem><unaryrule type="tc" description="Type Changing"><cat><atomic>NP</atomic></cat><lex><token>Silvia</token><tag type="from">0</tag><tag type="to">6</tag><cat><atomic>N</atomic></cat><sem><var>nil</var></sem></lex></unaryrule><binaryrule type="ba" description="Backward Application"><cat><backward><atomic feature="dcl">S</atomic><atomic>NP</atomic></backward></cat><sem><var>nil</var></sem><lex><token>woont</token><tag type="from">7</tag><tag type="to">12</tag><cat><backward><atomic feature="dcl">S</atomic><atomic>NP</atomic></backward></cat><sem><var>nil</var></sem></lex><binaryrule type="fa" description="Forward Application"><cat><backward><backward><atomic feature="dcl">S</atomic><atomic>NP</atomic></backward><backward><atomic feature="dcl">S</atomic><atomic>NP</atomic></backward></backward></cat><sem><var>nil</var></sem><lex><token>in</token><tag type="from">13</tag><tag type="to">15</tag><cat><forward><backward><backward><atomic feature="dcl">S</atomic><atomic>NP</atomic></backward><backward><atomic feature="dcl">S</atomic><atomic>NP</atomic></backward></backward><atomic>NP</atomic></forward></cat><sem><var>nil</var></sem></lex><binaryrule type="fa" description="Forward Application"><cat><atomic>NP</atomic></cat><sem><var>nil</var></sem><lex><token>de</token><tag type="from">16</tag><tag type="to">18</tag><cat><forward><atomic>NP</atomic><atomic>N</atomic></forward></cat><sem><var>nil</var></sem></lex><lex><token>Elzas</token><tag type="from">19</tag><tag type="to">24</tag><cat><atomic>N</atomic></cat><sem><var>nil</var></sem></lex></binaryrule></binaryrule></binaryrule></binaryrule><lex><token>.</token><tag type="from">24</tag><tag type="to">25</tag><cat><backward><atomic feature="dcl">S</atomic><atomic feature="dcl">S</atomic></backward></cat><sem><var>nil</var></sem></lex></binaryrule> </der>
</xdrs-output>
