<?xml version="1.0" encoding="UTF-8"?>
<!DOCTYPE xdrs-output SYSTEM "src/data/boxer/xdrs.dtd">
<xdrs-output>
 <der id="1">
<binaryrule type="ba" description="Backward Application"><cat><atomic feature="intj">S</atomic></cat><sem><var>nil</var></sem><lex><token>Ah</token><tag type="from">0</tag><tag type="to">2</tag><cat><atomic feature="intj">S</atomic></cat><sem><var>nil</var></sem></lex><lex><token>!</token><tag type="from">2</tag><tag type="to">3</tag><cat><backward><atomic feature="intj">S</atomic><atomic feature="intj">S</atomic></backward></cat><sem><var>nil</var></sem></lex></binaryrule> </der>
</xdrs-output>
