<?xml version="1.0" encoding="UTF-8"?>
<!DOCTYPE xdrs-output SYSTEM "src/data/boxer/xdrs.dtd">
<xdrs-output>
 <der id="1">
<binaryrule type="ba" description="Backward Application"><cat><atomic feature="dcl">S</atomic></cat><sem><var>nil</var></sem><binaryrule type="ba" description="Backward Application"><cat><atomic feature="dcl">S</atomic></cat><sem><var>nil</var></sem><binaryrule type="fa" description="Forward Application"><cat><atomic>NP</atomic></cat><sem><var>nil</var></sem><lex><token>Ein</token><tag type="from">0</tag><tag type="to">3</tag><cat><forward><atomic>NP</atomic><atomic>N</atomic></forward></cat><sem><var>nil</var></sem></lex><lex><token>Dollar</token><tag type="from">4</tag><tag type="to">10</tag><cat><atomic>N</atomic></cat><sem><var>nil</var></sem></lex></binaryrule><binaryrule type="fa" description="Forward Application"><cat><backward><atomic feature="dcl">S</atomic><atomic>NP</atomic></backward></cat><sem><var>nil</var></sem><lex><token>ist</token><tag type="from">11</tag><tag type="to">14</tag><cat><forward><backward><atomic feature="dcl">S</atomic><atomic>NP</atomic></backward><backward><atomic feature="adj">S</atomic><atomic>NP</atomic></backward></forward></cat><sem><var>nil</var></sem></lex><binaryrule type="fa" description="Forward Application"><cat><backward><atomic feature="adj">S</atomic><atomic>NP</atomic></backward></cat><sem><var>nil</var></sem><lex><token>gleich</token><tag type="from">15</tag><tag type="to">21</tag><cat><forward><backward><atomic feature="adj">S</atomic><atomic>NP</atomic></backward><atomic>NP</atomic></forward></cat><sem><var>nil</var></sem></lex><unaryrule type="tc" description="Type Changing"><cat><atomic>NP</atomic></cat><binaryrule type="fa" description="Forward Application"><cat><atomic>N</atomic></cat><sem><var>nil</var></sem><lex><token>hundert</token><tag type="from">22</tag><tag type="to">29</tag><cat><forward><atomic>N</atomic><atomic>N</atomic></forward></cat><sem><var>nil</var></sem></lex><lex><token>Cent</token><tag type="from">30</tag><tag type="to">34</tag><cat><atomic>N</atomic></cat><sem><var>nil</var></sem></lex></binaryrule></unaryrule></binaryrule></binaryrule></binaryrule><lex><token>.</token><tag type="from">34</tag><tag type="to">35</tag><cat><backward><atomic feature="dcl">S</atomic><atomic feature="dcl">S</atomic></backward></cat><sem><var>nil</var></sem></lex></binaryrule> </der>
</xdrs-output>
