<?xml version="1.0" encoding="UTF-8"?>
<!DOCTYPE xdrs-output SYSTEM "src/data/boxer/xdrs.dtd">
<xdrs-output>
 <der id="1">
<binaryrule type="fa" description="Forward Application"><cat><atomic feature="q">S</atomic></cat><sem><var>nil</var></sem><binaryrule type="fa" description="Forward Application"><cat><forward><atomic feature="q">S</atomic><atomic>NP</atomic></forward></cat><sem><var>nil</var></sem><lex><token>Is</token><tag type="from">0</tag><tag type="to">2</tag><cat><forward><forward><atomic feature="q">S</atomic><atomic>NP</atomic></forward><atomic>NP</atomic></forward></cat><sem><var>nil</var></sem></lex><lex><token>this</token><tag type="from">3</tag><tag type="to">7</tag><cat><atomic>NP</atomic></cat><sem><var>nil</var></sem></lex></binaryrule><binaryrule type="ba" description="Backward Application"><cat><atomic>NP</atomic></cat><sem><var>nil</var></sem><unaryrule type="tc" description="Type Changing"><cat><atomic>NP</atomic></cat><lex><token>Tom</token><tag type="from">8</tag><tag type="to">11</tag><cat><atomic>N</atomic></cat><sem><var>nil</var></sem></lex></unaryrule><binaryrule type="rp" description="Remove Punctuation"><cat><backward><atomic>NP</atomic><atomic>NP</atomic></backward></cat><sem><var>nil</var></sem><lex><token>'s</token><tag type="from">11</tag><tag type="to">13</tag><cat><backward><atomic>NP</atomic><atomic>NP</atomic></backward></cat><sem><var>nil</var></sem></lex><lex><token>?</token><tag type="from">13</tag><tag type="to">14</tag><cat><atomic>.</atomic></cat><sem><var>nil</var></sem></lex></binaryrule></binaryrule></binaryrule> </der>
</xdrs-output>
