<?xml version="1.0" encoding="UTF-8"?>
<!DOCTYPE xdrs-output SYSTEM "src/data/boxer/xdrs.dtd">
<xdrs-output>
 <der id="1">
<binaryrule type="ba" description="Backward Application"><cat><atomic feature="dcl">S</atomic></cat><sem><var>nil</var></sem><binaryrule type="fa" description="Forward Application"><cat><atomic>NP</atomic></cat><sem><var>nil</var></sem><lex><token>Some</token><tag type="from">0</tag><tag type="to">4</tag><cat><forward><atomic>NP</atomic><atomic>N</atomic></forward></cat><sem><var>nil</var></sem></lex><lex><token>bugs</token><tag type="from">5</tag><tag type="to">9</tag><cat><atomic>N</atomic></cat><sem><var>nil</var></sem></lex></binaryrule><binaryrule type="rp" description="Remove Punctuation"><cat><backward><atomic feature="dcl">S</atomic><atomic>NP</atomic></backward></cat><sem><var>nil</var></sem><binaryrule type="fa" description="Forward Application"><cat><backward><atomic feature="dcl">S</atomic><atomic>NP</atomic></backward></cat><sem><var>nil</var></sem><lex><token>were</token><tag type="from">10</tag><tag type="to">14</tag><cat><forward><backward><atomic feature="dcl">S</atomic><atomic>NP</atomic></backward><backward><atomic feature="pss">S</atomic><atomic>NP</atomic></backward></forward></cat><sem><var>nil</var></sem></lex><lex><token>fixed</token><tag type="from">15</tag><tag type="to">20</tag><cat><backward><atomic feature="pss">S</atomic><atomic>NP</atomic></backward></cat><sem><var>nil</var></sem></lex></binaryrule><lex><token>.</token><tag type="from">20</tag><tag type="to">21</tag><cat><atomic>.</atomic></cat><sem><var>nil</var></sem></lex></binaryrule></binaryrule> </der>
</xdrs-output>
