<?xml version="1.0" encoding="UTF-8"?>
<!DOCTYPE xdrs-output SYSTEM "src/data/boxer/xdrs.dtd">
<xdrs-output>
 <der id="1">
<binaryrule type="fa" description="Forward Application"><cat><atomic feature="wq">S</atomic></cat><sem><var>nil</var></sem><lex><token>When</token><tag type="from">0</tag><tag type="to">4</tag><cat><forward><atomic feature="wq">S</atomic><forward><atomic feature="q">S</atomic><atomic>PP</atomic></forward></forward></cat><sem><var>nil</var></sem></lex><binaryrule type="fc" description="Forward Composition"><cat><forward><atomic feature="q">S</atomic><atomic>PP</atomic></forward></cat><sem><var>nil</var></sem><binaryrule type="fa" description="Forward Application"><cat><forward><atomic feature="q">S</atomic><backward><atomic feature="pss">S</atomic><atomic>NP</atomic></backward></forward></cat><sem><var>nil</var></sem><lex><token>was</token><tag type="from">5</tag><tag type="to">8</tag><cat><forward><forward><atomic feature="q">S</atomic><backward><atomic feature="pss">S</atomic><atomic>NP</atomic></backward></forward><atomic>NP</atomic></forward></cat><sem><var>nil</var></sem></lex><unaryrule type="tc" description="Type Changing"><cat><atomic>NP</atomic></cat><binaryrule type="ba" description="Backward Application"><cat><atomic>N</atomic></cat><sem><var>nil</var></sem><lex><token>Martin~Luther~King</token><tag type="from">9</tag><tag type="to">27</tag><cat><atomic>N</atomic></cat><sem><var>nil</var></sem></lex><lex><token>Jr.</token><tag type="from">28</tag><tag type="to">31</tag><cat><backward><atomic>N</atomic><atomic>N</atomic></backward></cat><sem><var>nil</var></sem></lex></binaryrule></unaryrule></binaryrule><binaryrule type="rp" description="Remove Punctuation"><cat><forward><backward><atomic feature="pss">S</atomic><atomic>NP</atomic></backward><atomic>PP</atomic></forward></cat><sem><var>nil</var></sem><lex><token>born</token><tag type="from">32</tag><tag type="to">36</tag><cat><forward><backward><atomic feature="pss">S</atomic><atomic>NP</atomic></backward><atomic>PP</atomic></forward></cat><sem><var>nil</var></sem></lex><lex><token>?</token><tag type="from">36</tag><tag type="to">37</tag><cat><atomic>.</atomic></cat><sem><var>nil</var></sem></lex></binaryrule></binaryrule></binaryrule> </der>
</xdrs-output>
