<?xml version="1.0" encoding="UTF-8"?>
<!DOCTYPE xdrs-output SYSTEM "src/data/boxer/xdrs.dtd">
<xdrs-output>
 <der id="1">
<binaryrule type="fa" description="Forward Application"><cat><atomic feature="q">S</atomic></cat><sem><var>nil</var></sem><binaryrule type="fa" description="Forward Application"><cat><forward><atomic feature="q">S</atomic><backward><atomic feature="ng">S</atomic><atomic>NP</atomic></backward></forward></cat><sem><var>nil</var></sem><lex><token>Are</token><tag type="from">0</tag><tag type="to">3</tag><cat><forward><forward><atomic feature="q">S</atomic><backward><atomic feature="ng">S</atomic><atomic>NP</atomic></backward></forward><atomic>NP</atomic></forward></cat><sem><var>nil</var></sem></lex><lex><token>you</token><tag type="from">4</tag><tag type="to">7</tag><cat><atomic>NP</atomic></cat><sem><var>nil</var></sem></lex></binaryrule><binaryrule type="ba" description="Backward Application"><cat><backward><atomic feature="ng">S</atomic><atomic>NP</atomic></backward></cat><sem><var>nil</var></sem><binaryrule type="fa" description="Forward Application"><cat><forward><backward><atomic feature="ng">S</atomic><atomic>NP</atomic></backward><atomic>NP</atomic></forward></cat><sem><var>nil</var></sem><lex><token>sleeping</token><tag type="from">8</tag><tag type="to">16</tag><cat><forward><forward><backward><atomic feature="ng">S</atomic><atomic>NP</atomic></backward><atomic>NP</atomic></forward><atomic>PR</atomic></forward></cat><sem><var>nil</var></sem></lex><lex><token>with</token><tag type="from">17</tag><tag type="to">21</tag><cat><atomic>PR</atomic></cat><sem><var>nil</var></sem></lex></binaryrule><binaryrule type="rp" description="Remove Punctuation"><cat><backward><backward><atomic feature="X">S</atomic><atomic>NP</atomic></backward><forward><backward><atomic feature="X">S</atomic><atomic>NP</atomic></backward><atomic>NP</atomic></forward></backward></cat><sem><var>nil</var></sem><unaryrule type="btr" description="Backward Type Raising"><cat><backward><backward><atomic feature="X">S</atomic><atomic>NP</atomic></backward><forward><backward><atomic feature="X">S</atomic><atomic>NP</atomic></backward><atomic>NP</atomic></forward></backward></cat><lex><token>her</token><tag type="from">22</tag><tag type="to">25</tag><cat><atomic>NP</atomic></cat><sem><var>nil</var></sem></lex></unaryrule><lex><token>?</token><tag type="from">25</tag><tag type="to">26</tag><cat><atomic>.</atomic></cat><sem><var>nil</var></sem></lex></binaryrule></binaryrule></binaryrule> </der>
</xdrs-output>
