<?xml version="1.0" encoding="UTF-8"?>
<!DOCTYPE xdrs-output SYSTEM "src/data/boxer/xdrs.dtd">
<xdrs-output>
 <der id="1">
<binaryrule type="ba" description="Backward Application"><cat><atomic feature="dcl">S</atomic></cat><sem><var>nil</var></sem><lex><token>I</token><tag type="from">0</tag><tag type="to">1</tag><cat><atomic>NP</atomic></cat><sem><var>nil</var></sem></lex><binaryrule type="fa" description="Forward Application"><cat><backward><atomic feature="dcl">S</atomic><atomic>NP</atomic></backward></cat><sem><var>nil</var></sem><binaryrule type="bxc" description="Backward Crossed Composition"><cat><forward><backward><atomic feature="dcl">S</atomic><atomic>NP</atomic></backward><backward><atomic feature="pt">S</atomic><atomic>NP</atomic></backward></forward></cat><sem><var>nil</var></sem><lex><token>'ve</token><tag type="from">1</tag><tag type="to">4</tag><cat><forward><backward><atomic feature="dcl">S</atomic><atomic>NP</atomic></backward><backward><atomic feature="pt">S</atomic><atomic>NP</atomic></backward></forward></cat><sem><var>nil</var></sem></lex><lex><token>suddenly</token><tag type="from">5</tag><tag type="to">13</tag><cat><backward><backward><atomic>S</atomic><atomic>NP</atomic></backward><backward><atomic>S</atomic><atomic>NP</atomic></backward></backward></cat><sem><var>nil</var></sem></lex></binaryrule><binaryrule type="fa" description="Forward Application"><cat><backward><atomic feature="pt">S</atomic><atomic>NP</atomic></backward></cat><sem><var>nil</var></sem><lex><token>started</token><tag type="from">14</tag><tag type="to">21</tag><cat><forward><backward><atomic feature="pt">S</atomic><atomic>NP</atomic></backward><backward><atomic feature="to">S</atomic><atomic>NP</atomic></backward></forward></cat><sem><var>nil</var></sem></lex><binaryrule type="fa" description="Forward Application"><cat><backward><atomic feature="to">S</atomic><atomic>NP</atomic></backward></cat><sem><var>nil</var></sem><lex><token>to</token><tag type="from">22</tag><tag type="to">24</tag><cat><forward><backward><atomic feature="to">S</atomic><atomic>NP</atomic></backward><backward><atomic feature="b">S</atomic><atomic>NP</atomic></backward></forward></cat><sem><var>nil</var></sem></lex><binaryrule type="ba" description="Backward Application"><cat><backward><atomic feature="b">S</atomic><atomic>NP</atomic></backward></cat><sem><var>nil</var></sem><lex><token>gain</token><tag type="from">25</tag><tag type="to">29</tag><cat><forward><backward><atomic feature="b">S</atomic><atomic>NP</atomic></backward><atomic>NP</atomic></forward></cat><sem><var>nil</var></sem></lex><binaryrule type="rp" description="Remove Punctuation"><cat><backward><backward><atomic feature="X">S</atomic><atomic>NP</atomic></backward><forward><backward><atomic feature="X">S</atomic><atomic>NP</atomic></backward><atomic>NP</atomic></forward></backward></cat><sem><var>nil</var></sem><unaryrule type="btr" description="Backward Type Raising"><cat><backward><backward><atomic feature="X">S</atomic><atomic>NP</atomic></backward><forward><backward><atomic feature="X">S</atomic><atomic>NP</atomic></backward><atomic>NP</atomic></forward></backward></cat><unaryrule type="tc" description="Type Changing"><cat><atomic>NP</atomic></cat><lex><token>weight</token><tag type="from">30</tag><tag type="to">36</tag><cat><atomic>N</atomic></cat><sem><var>nil</var></sem></lex></unaryrule></unaryrule><lex><token>.</token><tag type="from">36</tag><tag type="to">37</tag><cat><atomic>.</atomic></cat><sem><var>nil</var></sem></lex></binaryrule></binaryrule></binaryrule></binaryrule></binaryrule></binaryrule> </der>
</xdrs-output>
