<?xml version="1.0" encoding="UTF-8"?>
<!DOCTYPE xdrs-output SYSTEM "src/data/boxer/xdrs.dtd">
<xdrs-output>
 <der id="1">
<binaryrule type="ba" description="Backward Application"><cat><atomic feature="dcl">S</atomic></cat><sem><var>nil</var></sem><lex><token>I</token><tag type="from">0</tag><tag type="to">1</tag><cat><atomic>NP</atomic></cat><sem><var>nil</var></sem></lex><binaryrule type="fa" description="Forward Application"><cat><backward><atomic feature="dcl">S</atomic><atomic>NP</atomic></backward></cat><sem><var>nil</var></sem><lex><token>'m</token><tag type="from">1</tag><tag type="to">3</tag><cat><forward><backward><atomic feature="dcl">S</atomic><atomic>NP</atomic></backward><forward><atomic>NP</atomic><atomic>PP</atomic></forward></forward></cat><sem><var>nil</var></sem></lex><binaryrule type="fc" description="Forward Composition"><cat><forward><atomic>NP</atomic><atomic>PP</atomic></forward></cat><sem><var>nil</var></sem><lex><token>a</token><tag type="from">4</tag><tag type="to">5</tag><cat><forward><atomic>NP</atomic><atomic>N</atomic></forward></cat><sem><var>nil</var></sem></lex><binaryrule type="rp" description="Remove Punctuation"><cat><forward><atomic>N</atomic><atomic>PP</atomic></forward></cat><sem><var>nil</var></sem><lex><token>foreigner</token><tag type="from">6</tag><tag type="to">15</tag><cat><forward><atomic>N</atomic><atomic>PP</atomic></forward></cat><sem><var>nil</var></sem></lex><lex><token>.</token><tag type="from">15</tag><tag type="to">16</tag><cat><atomic>.</atomic></cat><sem><var>nil</var></sem></lex></binaryrule></binaryrule></binaryrule></binaryrule> </der>
</xdrs-output>
