<?xml version="1.0" encoding="UTF-8"?>
<!DOCTYPE xdrs-output SYSTEM "src/data/boxer/xdrs.dtd">
<xdrs-output>
 <der id="1">
<binaryrule type="ba" description="Backward Application"><cat><atomic feature="dcl">S</atomic></cat><sem><var>nil</var></sem><unaryrule type="tc" description="Type Changing"><cat><atomic>NP</atomic></cat><lex><token>Tom</token><tag type="from">0</tag><tag type="to">3</tag><cat><atomic>N</atomic></cat><sem><var>nil</var></sem></lex></unaryrule><binaryrule type="fa" description="Forward Application"><cat><backward><atomic feature="dcl">S</atomic><atomic>NP</atomic></backward></cat><sem><var>nil</var></sem><lex><token>has</token><tag type="from">4</tag><tag type="to">7</tag><cat><forward><backward><atomic feature="dcl">S</atomic><atomic>NP</atomic></backward><backward><atomic feature="pt">S</atomic><atomic>NP</atomic></backward></forward></cat><sem><var>nil</var></sem></lex><binaryrule type="fa" description="Forward Application"><cat><backward><atomic feature="pt">S</atomic><atomic>NP</atomic></backward></cat><sem><var>nil</var></sem><lex><token>been</token><tag type="from">8</tag><tag type="to">12</tag><cat><forward><backward><atomic feature="pt">S</atomic><atomic>NP</atomic></backward><backward><atomic feature="adj">S</atomic><atomic>NP</atomic></backward></forward></cat><sem><var>nil</var></sem></lex><binaryrule type="fa" description="Forward Application"><cat><backward><atomic feature="adj">S</atomic><atomic>NP</atomic></backward></cat><sem><var>nil</var></sem><lex><token>very</token><tag type="from">13</tag><tag type="to">17</tag><cat><forward><backward><atomic feature="adj">S</atomic><atomic>NP</atomic></backward><backward><atomic feature="adj">S</atomic><atomic>NP</atomic></backward></forward></cat><sem><var>nil</var></sem></lex><binaryrule type="rp" description="Remove Punctuation"><cat><backward><atomic feature="adj">S</atomic><atomic>NP</atomic></backward></cat><sem><var>nil</var></sem><lex><token>unhappy</token><tag type="from">18</tag><tag type="to">25</tag><cat><backward><atomic feature="adj">S</atomic><atomic>NP</atomic></backward></cat><sem><var>nil</var></sem></lex><lex><token>.</token><tag type="from">25</tag><tag type="to">26</tag><cat><atomic>.</atomic></cat><sem><var>nil</var></sem></lex></binaryrule></binaryrule></binaryrule></binaryrule></binaryrule> </der>
</xdrs-output>
