<?xml version="1.0" encoding="UTF-8"?>
<!DOCTYPE xdrs-output SYSTEM "src/data/boxer/xdrs.dtd">
<xdrs-output>
 <der id="1">
<binaryrule type="rp" description="Remove Punctuation"><cat><atomic feature="wq">S</atomic></cat><sem><var>nil</var></sem><binaryrule type="fa" description="Forward Application"><cat><atomic feature="wq">S</atomic></cat><sem><var>nil</var></sem><lex><token>"</token><tag type="from">0</tag><tag type="to">1</tag><cat><forward><atomic feature="wq">S</atomic><atomic feature="wq">S</atomic></forward></cat><sem><var>nil</var></sem></lex><binaryrule type="fa" description="Forward Application"><cat><atomic feature="wq">S</atomic></cat><sem><var>nil</var></sem><binaryrule type="fa" description="Forward Application"><cat><forward><atomic feature="wq">S</atomic><forward><atomic feature="q">S</atomic><atomic>NP</atomic></forward></forward></cat><sem><var>nil</var></sem><lex><token>Whose</token><tag type="from">1</tag><tag type="to">6</tag><cat><forward><forward><atomic feature="wq">S</atomic><forward><atomic feature="q">S</atomic><atomic>NP</atomic></forward></forward><atomic>N</atomic></forward></cat><sem><var>nil</var></sem></lex><lex><token>cats</token><tag type="from">7</tag><tag type="to">11</tag><cat><atomic>N</atomic></cat><sem><var>nil</var></sem></lex></binaryrule><binaryrule type="fa" description="Forward Application"><cat><forward><atomic feature="q">S</atomic><atomic>NP</atomic></forward></cat><sem><var>nil</var></sem><lex><token>are</token><tag type="from">12</tag><tag type="to">15</tag><cat><forward><forward><atomic feature="q">S</atomic><atomic>NP</atomic></forward><atomic>NP</atomic></forward></cat><sem><var>nil</var></sem></lex><binaryrule type="rp" description="Remove Punctuation"><cat><atomic>NP</atomic></cat><sem><var>nil</var></sem><lex><token>these</token><tag type="from">16</tag><tag type="to">21</tag><cat><atomic>NP</atomic></cat><sem><var>nil</var></sem></lex><lex><token>?</token><tag type="from">21</tag><tag type="to">22</tag><cat><atomic>.</atomic></cat><sem><var>nil</var></sem></lex></binaryrule></binaryrule></binaryrule></binaryrule><lex><token>"</token><tag type="from">22</tag><tag type="to">23</tag><cat><atomic>RRB</atomic></cat><sem><var>nil</var></sem></lex></binaryrule> </der>
 <der id="2">
<binaryrule type="fa" description="Forward Application"><cat><atomic feature="dcl">S</atomic></cat><sem><var>nil</var></sem><lex><token>"</token><tag type="from">24</tag><tag type="to">25</tag><cat><forward><atomic feature="dcl">S</atomic><atomic feature="dcl">S</atomic></forward></cat><sem><var>nil</var></sem></lex><binaryrule type="ba" description="Backward Application"><cat><atomic feature="dcl">S</atomic></cat><sem><var>nil</var></sem><binaryrule type="ba" description="Backward Application"><cat><atomic feature="dcl">S</atomic></cat><sem><var>nil</var></sem><binaryrule type="ba" description="Backward Application"><cat><atomic feature="dcl">S</atomic></cat><sem><var>nil</var></sem><lex><token>They</token><tag type="from">25</tag><tag type="to">29</tag><cat><atomic>NP</atomic></cat><sem><var>nil</var></sem></lex><binaryrule type="fa" description="Forward Application"><cat><backward><atomic feature="dcl">S</atomic><atomic>NP</atomic></backward></cat><sem><var>nil</var></sem><lex><token>are</token><tag type="from">30</tag><tag type="to">33</tag><cat><forward><backward><atomic feature="dcl">S</atomic><atomic>NP</atomic></backward><atomic>NP</atomic></forward></cat><sem><var>nil</var></sem></lex><binaryrule type="ba" description="Backward Application"><cat><atomic>NP</atomic></cat><sem><var>nil</var></sem><unaryrule type="tc" description="Type Changing"><cat><atomic>NP</atomic></cat><lex><token>Fatima</token><tag type="from">34</tag><tag type="to">40</tag><cat><atomic>N</atomic></cat><sem><var>nil</var></sem></lex></unaryrule><lex><token>'s</token><tag type="from">40</tag><tag type="to">42</tag><cat><backward><atomic>NP</atomic><atomic>NP</atomic></backward></cat><sem><var>nil</var></sem></lex></binaryrule></binaryrule></binaryrule><lex><token>.</token><tag type="from">42</tag><tag type="to">43</tag><cat><backward><atomic feature="dcl">S</atomic><atomic feature="dcl">S</atomic></backward></cat><sem><var>nil</var></sem></lex></binaryrule><lex><token>"</token><tag type="from">43</tag><tag type="to">44</tag><cat><backward><atomic feature="dcl">S</atomic><atomic feature="dcl">S</atomic></backward></cat><sem><var>nil</var></sem></lex></binaryrule></binaryrule> </der>
</xdrs-output>
