<?xml version="1.0" encoding="UTF-8"?>
<!DOCTYPE xdrs-output SYSTEM "src/data/boxer/xdrs.dtd">
<xdrs-output>
 <der id="1">
<binaryrule type="rp" description="Remove Punctuation"><cat><atomic feature="dcl">S</atomic></cat><sem><var>nil</var></sem><binaryrule type="ba" description="Backward Application"><cat><atomic feature="dcl">S</atomic></cat><sem><var>nil</var></sem><lex><token>They</token><tag type="from">0</tag><tag type="to">4</tag><cat><atomic>NP</atomic></cat><sem><var>nil</var></sem></lex><binaryrule type="fa" description="Forward Application"><cat><backward><atomic feature="dcl">S</atomic><atomic>NP</atomic></backward></cat><sem><var>nil</var></sem><lex><token>'re</token><tag type="from">4</tag><tag type="to">7</tag><cat><forward><backward><atomic feature="dcl">S</atomic><atomic>NP</atomic></backward><atomic>NP</atomic></forward></cat><sem><var>nil</var></sem></lex><binaryrule type="ba" description="Backward Application"><cat><atomic>NP</atomic></cat><sem><var>nil</var></sem><unaryrule type="tc" description="Type Changing"><cat><atomic>NP</atomic></cat><lex><token>Tom</token><tag type="from">8</tag><tag type="to">11</tag><cat><atomic>N</atomic></cat><sem><var>nil</var></sem></lex></unaryrule><lex><token>'s</token><tag type="from">11</tag><tag type="to">13</tag><cat><backward><atomic>NP</atomic><atomic>NP</atomic></backward></cat><sem><var>nil</var></sem></lex></binaryrule></binaryrule></binaryrule><lex><token>.</token><tag type="from">13</tag><tag type="to">14</tag><cat><atomic>.</atomic></cat><sem><var>nil</var></sem></lex></binaryrule> </der>
</xdrs-output>
