<?xml version="1.0" encoding="UTF-8"?>
<!DOCTYPE xdrs-output SYSTEM "src/data/boxer/xdrs.dtd">
<xdrs-output>
 <der id="1">
<binaryrule type="ba" description="Backward Application"><cat><backward><atomic feature="b">S</atomic><atomic>NP</atomic></backward></cat><sem><var>nil</var></sem><lex><token>Call</token><tag type="from">0</tag><tag type="to">4</tag><cat><forward><backward><atomic feature="b">S</atomic><atomic>NP</atomic></backward><atomic>NP</atomic></forward></cat><sem><var>nil</var></sem></lex><binaryrule type="rp" description="Remove Punctuation"><cat><backward><backward><atomic feature="X">S</atomic><atomic>NP</atomic></backward><forward><backward><atomic feature="X">S</atomic><atomic>NP</atomic></backward><atomic>NP</atomic></forward></backward></cat><sem><var>nil</var></sem><unaryrule type="btr" description="Backward Type Raising"><cat><backward><backward><atomic feature="X">S</atomic><atomic>NP</atomic></backward><forward><backward><atomic feature="X">S</atomic><atomic>NP</atomic></backward><atomic>NP</atomic></forward></backward></cat><lex><token>him</token><tag type="from">5</tag><tag type="to">8</tag><cat><atomic>NP</atomic></cat><sem><var>nil</var></sem></lex></unaryrule><lex><token>.</token><tag type="from">8</tag><tag type="to">9</tag><cat><atomic>.</atomic></cat><sem><var>nil</var></sem></lex></binaryrule></binaryrule> </der>
</xdrs-output>
