<?xml version="1.0" encoding="UTF-8"?>
<!DOCTYPE xdrs-output SYSTEM "src/data/boxer/xdrs.dtd">
<xdrs-output>
 <der id="1">
<binaryrule type="ba" description="Backward Application"><cat><atomic feature="dcl">S</atomic></cat><sem><var>nil</var></sem><binaryrule type="ba" description="Backward Application"><cat><atomic feature="dcl">S</atomic></cat><sem><var>nil</var></sem><lex><token>Jemand</token><tag type="from">0</tag><tag type="to">6</tag><cat><atomic>NP</atomic></cat><sem><var>nil</var></sem></lex><binaryrule type="fa" description="Forward Application"><cat><backward><atomic feature="dcl">S</atomic><atomic>NP</atomic></backward></cat><sem><var>nil</var></sem><lex><token>hat</token><tag type="from">7</tag><tag type="to">10</tag><cat><forward><backward><atomic feature="dcl">S</atomic><atomic>NP</atomic></backward><backward><atomic feature="pt">S</atomic><atomic>NP</atomic></backward></forward></cat><sem><var>nil</var></sem></lex><binaryrule type="ba" description="Backward Application"><cat><backward><atomic feature="pt">S</atomic><atomic>NP</atomic></backward></cat><sem><var>nil</var></sem><lex><token>mir</token><tag type="from">11</tag><tag type="to">14</tag><cat><atomic>NP</atomic></cat><sem><var>nil</var></sem></lex><binaryrule type="ba" description="Backward Application"><cat><backward><backward><atomic feature="pt">S</atomic><atomic>NP</atomic></backward><atomic>NP</atomic></backward></cat><sem><var>nil</var></sem><binaryrule type="fa" description="Forward Application"><cat><atomic>PP</atomic></cat><sem><var>nil</var></sem><lex><token>auf</token><tag type="from">15</tag><tag type="to">18</tag><cat><forward><atomic>PP</atomic><atomic>NP</atomic></forward></cat><sem><var>nil</var></sem></lex><binaryrule type="fa" description="Forward Application"><cat><atomic>NP</atomic></cat><sem><var>nil</var></sem><lex><token>die</token><tag type="from">19</tag><tag type="to">22</tag><cat><forward><atomic>NP</atomic><atomic>N</atomic></forward></cat><sem><var>nil</var></sem></lex><lex><token>Schulter</token><tag type="from">23</tag><tag type="to">31</tag><cat><atomic>N</atomic></cat><sem><var>nil</var></sem></lex></binaryrule></binaryrule><lex><token>getippt</token><tag type="from">32</tag><tag type="to">39</tag><cat><backward><backward><backward><atomic feature="pt">S</atomic><atomic>NP</atomic></backward><atomic>NP</atomic></backward><atomic>PP</atomic></backward></cat><sem><var>nil</var></sem></lex></binaryrule></binaryrule></binaryrule></binaryrule><lex><token>.</token><tag type="from">39</tag><tag type="to">40</tag><cat><backward><atomic feature="dcl">S</atomic><atomic feature="dcl">S</atomic></backward></cat><sem><var>nil</var></sem></lex></binaryrule> </der>
</xdrs-output>
