<?xml version="1.0" encoding="UTF-8"?>
<!DOCTYPE xdrs-output SYSTEM "src/data/boxer/xdrs.dtd">
<xdrs-output>
 <der id="1">
<binaryrule type="ba" description="Backward Application"><cat><atomic feature="dcl">S</atomic></cat><sem><var>nil</var></sem><lex><token>I</token><tag type="from">0</tag><tag type="to">1</tag><cat><atomic>NP</atomic></cat><sem><var>nil</var></sem></lex><binaryrule type="ba" description="Backward Application"><cat><backward><atomic feature="dcl">S</atomic><atomic>NP</atomic></backward></cat><sem><var>nil</var></sem><binaryrule type="fa" description="Forward Application"><cat><backward><atomic feature="dcl">S</atomic><atomic>NP</atomic></backward></cat><sem><var>nil</var></sem><lex><token>can</token><tag type="from">2</tag><tag type="to">5</tag><cat><forward><backward><atomic feature="dcl">S</atomic><atomic>NP</atomic></backward><backward><atomic feature="b">S</atomic><atomic>NP</atomic></backward></forward></cat><sem><var>nil</var></sem></lex><lex><token>come</token><tag type="from">6</tag><tag type="to">10</tag><cat><backward><atomic feature="b">S</atomic><atomic>NP</atomic></backward></cat><sem><var>nil</var></sem></lex></binaryrule><binaryrule type="fa" description="Forward Application"><cat><backward><backward><atomic>S</atomic><atomic>NP</atomic></backward><backward><atomic>S</atomic><atomic>NP</atomic></backward></backward></cat><sem><var>nil</var></sem><lex><token>at</token><tag type="from">11</tag><tag type="to">13</tag><cat><forward><backward><backward><atomic>S</atomic><atomic>NP</atomic></backward><backward><atomic>S</atomic><atomic>NP</atomic></backward></backward><atomic>NP</atomic></forward></cat><sem><var>nil</var></sem></lex><binaryrule type="rp" description="Remove Punctuation"><cat><atomic>NP</atomic></cat><sem><var>nil</var></sem><unaryrule type="tc" description="Type Changing"><cat><atomic>NP</atomic></cat><lex><token>three</token><tag type="from">14</tag><tag type="to">19</tag><cat><atomic>N</atomic></cat><sem><var>nil</var></sem></lex></unaryrule><lex><token>.</token><tag type="from">19</tag><tag type="to">20</tag><cat><atomic>.</atomic></cat><sem><var>nil</var></sem></lex></binaryrule></binaryrule></binaryrule></binaryrule> </der>
</xdrs-output>
