<?xml version="1.0" encoding="UTF-8"?>
<!DOCTYPE xdrs-output SYSTEM "src/data/boxer/xdrs.dtd">
<xdrs-output>
 <der id="1">
<binaryrule type="rp" description="Remove Punctuation"><cat><atomic feature="dcl">S</atomic></cat><sem><var>nil</var></sem><binaryrule type="ba" description="Backward Application"><cat><atomic feature="dcl">S</atomic></cat><sem><var>nil</var></sem><lex><token>That</token><tag type="from">0</tag><tag type="to">4</tag><cat><atomic>NP</atomic></cat><sem><var>nil</var></sem></lex><binaryrule type="fa" description="Forward Application"><cat><backward><atomic feature="dcl">S</atomic><atomic>NP</atomic></backward></cat><sem><var>nil</var></sem><lex><token>was</token><tag type="from">5</tag><tag type="to">8</tag><cat><forward><backward><atomic feature="dcl">S</atomic><atomic>NP</atomic></backward><backward><atomic feature="pss">S</atomic><atomic>NP</atomic></backward></forward></cat><sem><var>nil</var></sem></lex><binaryrule type="ba" description="Backward Application"><cat><backward><atomic feature="pss">S</atomic><atomic>NP</atomic></backward></cat><sem><var>nil</var></sem><lex><token>written</token><tag type="from">9</tag><tag type="to">16</tag><cat><backward><atomic feature="pss">S</atomic><atomic>NP</atomic></backward></cat><sem><var>nil</var></sem></lex><binaryrule type="fa" description="Forward Application"><cat><backward><backward><atomic>S</atomic><atomic>NP</atomic></backward><backward><atomic>S</atomic><atomic>NP</atomic></backward></backward></cat><sem><var>nil</var></sem><lex><token>by</token><tag type="from">17</tag><tag type="to">19</tag><cat><forward><backward><backward><atomic>S</atomic><atomic>NP</atomic></backward><backward><atomic>S</atomic><atomic>NP</atomic></backward></backward><atomic>NP</atomic></forward></cat><sem><var>nil</var></sem></lex><unaryrule type="tc" description="Type Changing"><cat><atomic>NP</atomic></cat><lex><token>Taro~Akagawa</token><tag type="from">20</tag><tag type="to">32</tag><cat><atomic>N</atomic></cat><sem><var>nil</var></sem></lex></unaryrule></binaryrule></binaryrule></binaryrule></binaryrule><lex><token>.</token><tag type="from">32</tag><tag type="to">33</tag><cat><atomic>.</atomic></cat><sem><var>nil</var></sem></lex></binaryrule> </der>
</xdrs-output>
