<?xml version="1.0" encoding="UTF-8"?>
<!DOCTYPE xdrs-output SYSTEM "src/data/boxer/xdrs.dtd">
<xdrs-output>
 <der id="1">
<binaryrule type="ba" description="Backward Application"><cat><atomic feature="dcl">S</atomic></cat><sem><var>nil</var></sem><binaryrule type="fa" description="Forward Application"><cat><atomic>NP</atomic></cat><sem><var>nil</var></sem><lex><token>The</token><tag type="from">0</tag><tag type="to">3</tag><cat><forward><atomic>NP</atomic><atomic>N</atomic></forward></cat><sem><var>nil</var></sem></lex><lex><token>wound</token><tag type="from">4</tag><tag type="to">9</tag><cat><atomic>N</atomic></cat><sem><var>nil</var></sem></lex></binaryrule><binaryrule type="fa" description="Forward Application"><cat><backward><atomic feature="dcl">S</atomic><atomic>NP</atomic></backward></cat><sem><var>nil</var></sem><lex><token>still</token><tag type="from">10</tag><tag type="to">15</tag><cat><forward><backward><atomic>S</atomic><atomic>NP</atomic></backward><backward><atomic>S</atomic><atomic>NP</atomic></backward></forward></cat><sem><var>nil</var></sem></lex><binaryrule type="fa" description="Forward Application"><cat><backward><atomic feature="dcl">S</atomic><atomic>NP</atomic></backward></cat><sem><var>nil</var></sem><lex><token>hurts</token><tag type="from">16</tag><tag type="to">21</tag><cat><forward><backward><atomic feature="dcl">S</atomic><atomic>NP</atomic></backward><atomic>NP</atomic></forward></cat><sem><var>nil</var></sem></lex><binaryrule type="rp" description="Remove Punctuation"><cat><atomic>NP</atomic></cat><sem><var>nil</var></sem><lex><token>me</token><tag type="from">22</tag><tag type="to">24</tag><cat><atomic>NP</atomic></cat><sem><var>nil</var></sem></lex><lex><token>.</token><tag type="from">24</tag><tag type="to">25</tag><cat><atomic>.</atomic></cat><sem><var>nil</var></sem></lex></binaryrule></binaryrule></binaryrule></binaryrule> </der>
</xdrs-output>
