<?xml version="1.0" encoding="UTF-8"?>
<!DOCTYPE xdrs-output SYSTEM "src/data/boxer/xdrs.dtd">
<xdrs-output>
 <der id="1">
<binaryrule type="ba" description="Backward Application"><cat><atomic feature="dcl">S</atomic></cat><sem><var>nil</var></sem><binaryrule type="ba" description="Backward Application"><cat><atomic feature="dcl">S</atomic></cat><sem><var>nil</var></sem><unaryrule type="tc" description="Type Changing"><cat><atomic>NP</atomic></cat><lex><token>Jim</token><tag type="from">0</tag><tag type="to">3</tag><cat><atomic>N</atomic></cat><sem><var>nil</var></sem></lex></unaryrule><binaryrule type="ba" description="Backward Application"><cat><backward><atomic feature="dcl">S</atomic><atomic>NP</atomic></backward></cat><sem><var>nil</var></sem><binaryrule type="fa" description="Forward Application"><cat><backward><atomic feature="dcl">S</atomic><atomic>NP</atomic></backward></cat><sem><var>nil</var></sem><lex><token>begeleidde</token><tag type="from">4</tag><tag type="to">14</tag><cat><forward><backward><atomic feature="dcl">S</atomic><atomic>NP</atomic></backward><atomic>NP</atomic></forward></cat><sem><var>nil</var></sem></lex><lex><token>haar</token><tag type="from">15</tag><tag type="to">19</tag><cat><atomic>NP</atomic></cat><sem><var>nil</var></sem></lex></binaryrule><binaryrule type="fa" description="Forward Application"><cat><backward><backward><atomic feature="dcl">S</atomic><atomic>NP</atomic></backward><backward><atomic feature="dcl">S</atomic><atomic>NP</atomic></backward></backward></cat><sem><var>nil</var></sem><lex><token>op</token><tag type="from">20</tag><tag type="to">22</tag><cat><forward><backward><backward><atomic feature="dcl">S</atomic><atomic>NP</atomic></backward><backward><atomic feature="dcl">S</atomic><atomic>NP</atomic></backward></backward><atomic>NP</atomic></forward></cat><sem><var>nil</var></sem></lex><binaryrule type="fa" description="Forward Application"><cat><atomic>NP</atomic></cat><sem><var>nil</var></sem><lex><token>de</token><tag type="from">23</tag><tag type="to">25</tag><cat><forward><atomic>NP</atomic><atomic>N</atomic></forward></cat><sem><var>nil</var></sem></lex><lex><token>piano</token><tag type="from">26</tag><tag type="to">31</tag><cat><atomic>N</atomic></cat><sem><var>nil</var></sem></lex></binaryrule></binaryrule></binaryrule></binaryrule><lex><token>.</token><tag type="from">31</tag><tag type="to">32</tag><cat><backward><atomic feature="dcl">S</atomic><atomic feature="dcl">S</atomic></backward></cat><sem><var>nil</var></sem></lex></binaryrule> </der>
</xdrs-output>
