<?xml version="1.0" encoding="UTF-8"?>
<!DOCTYPE xdrs-output SYSTEM "src/data/boxer/xdrs.dtd">
<xdrs-output>
 <der id="1">
<binaryrule type="ba" description="Backward Application"><cat><atomic feature="dcl">S</atomic></cat><sem><var>nil</var></sem><binaryrule type="fa" description="Forward Application"><cat><atomic>NP</atomic></cat><sem><var>nil</var></sem><lex><token>My</token><tag type="from">0</tag><tag type="to">2</tag><cat><forward><atomic>NP</atomic><forward><atomic>N</atomic><atomic>PP</atomic></forward></forward></cat><sem><var>nil</var></sem></lex><lex><token>bike</token><tag type="from">3</tag><tag type="to">7</tag><cat><forward><atomic>N</atomic><atomic>PP</atomic></forward></cat><sem><var>nil</var></sem></lex></binaryrule><binaryrule type="ba" description="Backward Application"><cat><backward><atomic feature="dcl">S</atomic><atomic>NP</atomic></backward></cat><sem><var>nil</var></sem><binaryrule type="fa" description="Forward Application"><cat><backward><atomic feature="dcl">S</atomic><atomic>NP</atomic></backward></cat><sem><var>nil</var></sem><lex><token>was</token><tag type="from">8</tag><tag type="to">11</tag><cat><forward><backward><atomic feature="dcl">S</atomic><atomic>NP</atomic></backward><backward><atomic feature="pss">S</atomic><atomic>NP</atomic></backward></forward></cat><sem><var>nil</var></sem></lex><lex><token>stolen</token><tag type="from">12</tag><tag type="to">18</tag><cat><backward><atomic feature="pss">S</atomic><atomic>NP</atomic></backward></cat><sem><var>nil</var></sem></lex></binaryrule><binaryrule type="fa" description="Forward Application"><cat><backward><backward><atomic>S</atomic><atomic>NP</atomic></backward><backward><atomic>S</atomic><atomic>NP</atomic></backward></backward></cat><sem><var>nil</var></sem><lex><token>at</token><tag type="from">19</tag><tag type="to">21</tag><cat><forward><backward><backward><atomic>S</atomic><atomic>NP</atomic></backward><backward><atomic>S</atomic><atomic>NP</atomic></backward></backward><atomic>NP</atomic></forward></cat><sem><var>nil</var></sem></lex><binaryrule type="rp" description="Remove Punctuation"><cat><atomic>NP</atomic></cat><sem><var>nil</var></sem><binaryrule type="fa" description="Forward Application"><cat><atomic>NP</atomic></cat><sem><var>nil</var></sem><lex><token>the</token><tag type="from">22</tag><tag type="to">25</tag><cat><forward><atomic>NP</atomic><atomic>N</atomic></forward></cat><sem><var>nil</var></sem></lex><lex><token>museum</token><tag type="from">26</tag><tag type="to">32</tag><cat><atomic>N</atomic></cat><sem><var>nil</var></sem></lex></binaryrule><lex><token>.</token><tag type="from">32</tag><tag type="to">33</tag><cat><atomic>.</atomic></cat><sem><var>nil</var></sem></lex></binaryrule></binaryrule></binaryrule></binaryrule> </der>
</xdrs-output>
