<?xml version="1.0" encoding="UTF-8"?>
<!DOCTYPE xdrs-output SYSTEM "src/data/boxer/xdrs.dtd">
<xdrs-output>
 <der id="1">
<binaryrule type="fa" description="Forward Application"><cat><atomic feature="wq">S</atomic></cat><sem><var>nil</var></sem><lex><token>How</token><tag type="from">0</tag><tag type="to">3</tag><cat><forward><atomic feature="wq">S</atomic><atomic feature="q">S</atomic></forward></cat><sem><var>nil</var></sem></lex><binaryrule type="fa" description="Forward Application"><cat><atomic feature="q">S</atomic></cat><sem><var>nil</var></sem><binaryrule type="fa" description="Forward Application"><cat><forward><atomic feature="q">S</atomic><backward><atomic feature="b">S</atomic><atomic>NP</atomic></backward></forward></cat><sem><var>nil</var></sem><lex><token>did</token><tag type="from">4</tag><tag type="to">7</tag><cat><forward><forward><atomic feature="q">S</atomic><backward><atomic feature="b">S</atomic><atomic>NP</atomic></backward></forward><atomic>NP</atomic></forward></cat><sem><var>nil</var></sem></lex><unaryrule type="tc" description="Type Changing"><cat><atomic>NP</atomic></cat><lex><token>Frederick~West</token><tag type="from">8</tag><tag type="to">22</tag><cat><atomic>N</atomic></cat><sem><var>nil</var></sem></lex></unaryrule></binaryrule><binaryrule type="rp" description="Remove Punctuation"><cat><backward><atomic feature="b">S</atomic><atomic>NP</atomic></backward></cat><sem><var>nil</var></sem><lex><token>die</token><tag type="from">23</tag><tag type="to">26</tag><cat><backward><atomic feature="b">S</atomic><atomic>NP</atomic></backward></cat><sem><var>nil</var></sem></lex><lex><token>?</token><tag type="from">26</tag><tag type="to">27</tag><cat><atomic>.</atomic></cat><sem><var>nil</var></sem></lex></binaryrule></binaryrule></binaryrule> </der>
</xdrs-output>
