<?xml version="1.0" encoding="UTF-8"?>
<!DOCTYPE xdrs-output SYSTEM "src/data/boxer/xdrs.dtd">
<xdrs-output>
 <der id="1">
<binaryrule type="ba" description="Backward Application"><cat><atomic feature="dcl">S</atomic></cat><sem><var>nil</var></sem><lex><token>I</token><tag type="from">0</tag><tag type="to">1</tag><cat><atomic>NP</atomic></cat><sem><var>nil</var></sem></lex><binaryrule type="fa" description="Forward Application"><cat><backward><atomic feature="dcl">S</atomic><atomic>NP</atomic></backward></cat><sem><var>nil</var></sem><binaryrule type="bxc" description="Backward Crossed Composition"><cat><forward><backward><atomic feature="dcl">S</atomic><atomic>NP</atomic></backward><backward><atomic feature="adj">S</atomic><atomic>NP</atomic></backward></forward></cat><sem><var>nil</var></sem><lex><token>'m</token><tag type="from">1</tag><tag type="to">3</tag><cat><forward><backward><atomic feature="dcl">S</atomic><atomic>NP</atomic></backward><backward><atomic feature="adj">S</atomic><atomic>NP</atomic></backward></forward></cat><sem><var>nil</var></sem></lex><lex><token>not</token><tag type="from">4</tag><tag type="to">7</tag><cat><backward><backward><atomic>S</atomic><atomic>NP</atomic></backward><backward><atomic>S</atomic><atomic>NP</atomic></backward></backward></cat><sem><var>nil</var></sem></lex></binaryrule><binaryrule type="rp" description="Remove Punctuation"><cat><backward><atomic feature="adj">S</atomic><atomic>NP</atomic></backward></cat><sem><var>nil</var></sem><binaryrule type="ba" description="Backward Application"><cat><backward><atomic feature="adj">S</atomic><atomic>NP</atomic></backward></cat><sem><var>nil</var></sem><lex><token>busy</token><tag type="from">8</tag><tag type="to">12</tag><cat><backward><atomic feature="adj">S</atomic><atomic>NP</atomic></backward></cat><sem><var>nil</var></sem></lex><lex><token>now</token><tag type="from">13</tag><tag type="to">16</tag><cat><backward><backward><atomic>S</atomic><atomic>NP</atomic></backward><backward><atomic>S</atomic><atomic>NP</atomic></backward></backward></cat><sem><var>nil</var></sem></lex></binaryrule><lex><token>.</token><tag type="from">16</tag><tag type="to">17</tag><cat><atomic>.</atomic></cat><sem><var>nil</var></sem></lex></binaryrule></binaryrule></binaryrule> </der>
</xdrs-output>
